row_id	human_verdict
016_bp1/3	bp_ok
029_bp2/3	unclear
043_bp1/3	bp_ok
063_bp1/3	bp_ok
077_bp1/3	bp_ok
110_bp1/3	bp_ok
113_bp1/3	bp_ok
126_bp1/3	bp_ok
127_bp1/3	bp_ok
130_bp1/3	non_bp_other
131_bp1/3	bp_ok
135_bp2/3	bp_ok
141_bp1/3	bp_ok
142_bp2/3	bp_ok
143_bp1/3	bp_ok
147_bp1/3	non_bp_ep
204_bp1/3	bp_ok
207_bp1/3	bp_ok
210_bp1/3	bp_ok
216_bp1/3	non_bp_ep
219_bp1/3	bp_ok
234_bp1/3	bp_ok
237_bp1/3	bp_ok
238_bp1/3	bp_ok
243_bp1/3	bp_ok
246_bp1/3	bp_ok
248_bp2/3	bp_ok
259_bp1/3	bp_ok
263_bp2/3	bp_ok
264_bp3/3	non_bp_other
275_bp1/3	bp_ok
276_bp2/3	unclear
282_bp1/3	bp_ok
286_bp1/3	non_bp_ep
288_bp1/3	bp_ok
294_bp1/3	unclear
330_bp1/3	bp_ok
371_bp1/3	bp_ok
376_bp1/3	bp_ok
381_bp1/3	bp_ok
