sense_id	clip_type	pt	voice_id	asr_status	audio_judge_verdict	audio_judge_drift	audio_judge_severity	audio_judge_confidence	audio_judge_evidence	judged_at
0715.00.01	word	civil	AaeZyyi87RCxtFnHPS3e	untranscribable_audio_verified_bp	bp_ok	none	low	high	The final 'l' is vocalized to a [w] sound, which is standard in Brazilian Portuguese.	2026-05-10T22:02:20+00:00
2228.00.02	word	humor	m151rjrbWXbBqyq56tly	untranscribable_audio_verified_bp	bp_ok	none	low	high	The initial 'h' is silent, and the 'r' is pronounced as a back fricative, both typical features of Brazilian Portuguese.	2026-05-10T22:02:20+00:00
2747.00.01	word	chance	wxoDdfPKBuna5KnUEotz	untranscribable_audio_verified_bp	bp_ok	none	low	high	The initial 'ch-' is pronounced as [ʃ] and the nasal vowel is clear, aligning with standard BP pronunciation.	2026-05-10T22:02:20+00:00
3952.00.01	word	narrar	AaeZyyi87RCxtFnHPS3e	untranscribable_audio_verified_bp	bp_ok	none	low	high	The initial 'r' and the final 'r' are pronounced as a back fricative [ʁ], which is consistent with Brazilian Portuguese pronunciation.	2026-05-10T22:02:20+00:00
3675.00.01	word	conversão	wxoDdfPKBuna5KnUEotz	untranscribable_audio_verified_bp	bp_ok	none	low	high	The final '-l' was vocalized to a [w] sound, which is a key feature of standard Brazilian Portuguese pronunciation.	2026-05-10T22:02:20+00:00
4969.00.01	word	despir	Rw38T6bn0lTNOb1aUevR	untranscribable_audio_verified_bp	bp_ok	none	low	high	The initial 'd' sound is palatalized to [dʒ], which is consistent with Brazilian Portuguese pronunciation.	2026-05-10T22:02:20+00:00
1233.00.02	word	golpe	ny3E2DZImeZm00WLGZi9	untranscribable_audio_verified_bp	bp_ok	none	low	high	The final 'l' is vocalized to a [w] sound, which is typical of Brazilian Portuguese pronunciation.	2026-05-10T22:02:20+00:00
1243.00.02	word	senão	m151rjrbWXbBqyq56tly	untranscribable_audio_verified_bp	bp_ok	none	low	high	The final '-ão' is pronounced with the nasal diphthong [ɐ̃w], which is consistent with standard Brazilian Portuguese.	2026-05-10T22:02:20+00:00
1723.00.01	word	teto	wxoDdfPKBuna5KnUEotz	untranscribable_audio_verified_bp	bp_ok	none	low	high	The final -to is pronounced with a clear [u] vowel, and the initial 't' sounds palatalized to [tʃ] as expected in Brazilian Portuguese.	2026-05-10T22:02:20+00:00
2821.00.01	word	poço	m151rjrbWXbBqyq56tly	untranscribable_audio_verified_bp	bp_ok	none	low	high	The vowel sounds and pronunciation of the 'ç' were consistent with standard Brazilian Portuguese phonetics.	2026-05-10T22:02:20+00:00
3742.00.01	word	reger	ny3E2DZImeZm00WLGZi9	untranscribable_audio_verified_bp	bp_ok	none	low	high	The initial 'r' was pronounced with a back fricative [h] or [χ], which is typical for Brazilian Portuguese, and the rest of the phonemes match standard BP pronunciation.	2026-05-10T22:02:20+00:00
4283.00.01	word	cesto	wxoDdfPKBuna5KnUEotz	untranscribable_audio_verified_bp	bp_ok	none	low	high	The initial 'c' sounds like an 's' as expected in standard Brazilian Portuguese, and the vowels and stress match the target IPA.	2026-05-10T22:02:20+00:00
2627.00.01	word	sobrinho	wxoDdfPKBuna5KnUEotz	untranscribable_audio_verified_bp	bp_ok	none	low	high	The nasalized vowel and palatalized 'nh' sound are consistent with standard Brazilian Portuguese pronunciation.	2026-05-10T22:02:20+00:00
4464.00.01	word	difundir	AaeZyyi87RCxtFnHPS3e	untranscribable_audio_verified_bp	bp_ok	none	low	high	The palatalization of the final '-de' to [dʒi] and the correct pronunciation of the nasal vowel 'ũ' are consistent with Brazilian Portuguese phonetics.	2026-05-10T22:02:20+00:00
2241.00.03	word	erguer	wxoDdfPKBuna5KnUEotz	untranscribable_audio_verified_bp	bp_ok	none	low	high	The 'r' sound is pronounced with a back fricative [ʁ], which is a key phonetic feature of Brazilian Portuguese.	2026-05-10T22:02:20+00:00
4549.00.01	example	A loja oferece desconto de 20% hoje.	m151rjrbWXbBqyq56tly	untranscribable_audio_verified_bp	bp_ok	none	low	high	The speaker palatalized the -te in 'desconto' as [tʃ], which is standard for Brazilian Portuguese.	2026-05-10T22:02:20+00:00
2794.00.01	word	crença	m151rjrbWXbBqyq56tly	untranscribable_audio_verified_bp	bp_ok	none	low	high	The vowel nasalization in the syllable 'cre-' and the final vowel sound [ɐ] match standard Brazilian Portuguese pronunciation.	2026-05-10T22:02:20+00:00
4505.00.01	word	incerto	AaeZyyi87RCxtFnHPS3e	untranscribable_audio_verified_bp	bp_ok	none	low	high	The initial 'r' sound was pronounced as a back fricative [h]-like sound, consistent with Brazilian Portuguese.	2026-05-10T22:02:20+00:00
4726.00.01	example	O preço do pão está acrescido de dez por cento.	AaeZyyi87RCxtFnHPS3e	untranscribable_audio_verified_bp	bp_ok	none	low	high	The speaker uses a clear palatalized [dʒi] at the end of 'acrescido', which is standard in Brazilian Portuguese.	2026-05-10T22:02:20+00:00
0153.00.01	word	hora	ny3E2DZImeZm00WLGZi9	untranscribable_audio_verified_bp	bp_ok	none	low	high	The initial 'h' is silent and the 'r' is pronounced as a back fricative, both of which are consistent with Brazilian Portuguese phonetics.	2026-05-10T22:02:20+00:00
3015.00.02	word	auto	m151rjrbWXbBqyq56tly	untranscribable_audio_verified_bp	bp_ok	none	low	high	The initial vowel 'au' is pronounced as [aw], and the final 'o' is pronounced with a clear [u] vowel, both of which confirm standard Brazilian Portuguese pronunciation.	2026-05-10T22:02:20+00:00
3015.00.01	word	auto	Rw38T6bn0lTNOb1aUevR	untranscribable_audio_verified_bp	bp_ok	none	low	high	The initial 'a' is pronounced as [aw], and the 't' is clearly pronounced without being palatalized, both of which are consistent with Brazilian Portuguese pronunciation.	2026-05-10T22:02:20+00:00
3304.00.01	word	credor	4r3G9XKliGgVZLKMgjik	untranscribable_audio_verified_bp	bp_ok	none	low	high	The final 'r' is pronounced as a back fricative [ʁ], consistent with Brazilian Portuguese.	2026-05-10T22:02:20+00:00
4075.00.01	word	auge	ny3E2DZImeZm00WLGZi9	untranscribable_audio_verified_bp	bp_ok	none	low	high	The final 'e' is pronounced as [i], and the 'g' is pronounced as [ʒ], both consistent with standard Brazilian Portuguese.	2026-05-10T22:02:20+00:00
4783.00.01	word	marxista	AaeZyyi87RCxtFnHPS3e	untranscribable_audio_verified_bp	bp_ok	none	low	high	The initial 'r' is pronounced as a back fricative [h] or [χ], characteristic of Brazilian Portuguese.	2026-05-10T22:02:20+00:00
4899.00.01	word	povoar	m151rjrbWXbBqyq56tly	untranscribable_audio_verified_bp	bp_ok	none	low	high	The speaker uses a back fricative [ʁ] sound at the end, which is typical of Brazilian Portuguese.	2026-05-10T22:02:20+00:00
0717.00.01	word	resultar	m151rjrbWXbBqyq56tly	untranscribable_audio_verified_bp	bp_ok	none	low	high	The initial 'r' is pronounced as a back fricative [ʁ], characteristic of Brazilian Portuguese.	2026-05-10T22:02:20+00:00
3644.00.01	word	dispersar	wxoDdfPKBuna5KnUEotz	untranscribable_audio_verified_bp	bp_ok	none	low	high	The initial 'd' is pronounced as [dʒ], and the final 'r' is pronounced with a back fricative sound, indicating a standard Brazilian Portuguese pronunciation.	2026-05-10T22:02:20+00:00
3813.00.01	word	acarretar	xNGAXaCH8MaasNuo7Hr7	untranscribable_audio_verified_bp	bp_ok	none	low	high	The initial 'r' is pronounced as a back fricative [h] or [χ], which aligns with Brazilian Portuguese pronunciation.	2026-05-10T22:02:20+00:00
0659.00.01	word	cento	Rw38T6bn0lTNOb1aUevR	untranscribable_audio_verified_bp	bp_ok	none	low	high	The nasalized vowel /ẽ/ and the final -to pronounced as [tu] are both consistent with standard Brazilian Portuguese phonetics.	2026-05-10T22:02:20+00:00
0780.00.02	word	monte	AaeZyyi87RCxtFnHPS3e	untranscribable_audio_verified_bp	bp_ok	none	low	high	The final -te is palatalized to [tʃi], which is a characteristic feature of Brazilian Portuguese pronunciation.	2026-05-10T22:02:20+00:00
1320.00.01	word	expor	Rw38T6bn0lTNOb1aUevR	untranscribable_audio_verified_bp	bp_ok	none	low	high	The initial 'r' sound is pronounced as a back fricative [h] or [χ], which is typical of Brazilian Portuguese.	2026-05-10T22:02:20+00:00
1887.00.01	word	febre	wxoDdfPKBuna5KnUEotz	untranscribable_audio_verified_bp	bp_ok	none	low	high	The final unstressed 'e' was clearly pronounced as [i], which is characteristic of Brazilian Portuguese.	2026-05-10T22:02:20+00:00
2077.00.03	word	pasta	wxoDdfPKBuna5KnUEotz	untranscribable_audio_verified_bp	bp_ok	none	low	high	The vowel sounds and consonant articulation match standard Brazilian Portuguese phonetics for the word 'pasta', with the final 'a' pronounced as [ɐ].	2026-05-10T22:02:20+00:00
2983.00.01	word	cauda	AaeZyyi87RCxtFnHPS3e	untranscribable_audio_verified_bp	bp_ok	none	low	high	The final 'l' in 'cauda' is vocalized to a [w] sound, which is a clear feature of Brazilian Portuguese pronunciation.	2026-05-10T22:02:20+00:00
3298.00.01	word	quotidiano	m151rjrbWXbBqyq56tly	untranscribable_audio_verified_bp	bp_ok	none	low	high	The palatalized 'ti' as [tʃi] in 'quotidiano' is consistent with standard Brazilian Portuguese pronunciation.	2026-05-10T22:02:20+00:00
3353.00.01	word	roubo	4r3G9XKliGgVZLKMgjik	untranscribable_audio_verified_bp	bp_ok	none	low	high	The initial 'r' is pronounced as a back fricative [h] sound, which is characteristic of Brazilian Portuguese.	2026-05-10T22:02:20+00:00
3378.00.01	word	invés	m151rjrbWXbBqyq56tly	untranscribable_audio_verified_bp	bp_ok	none	low	high	The nasalized vowel in the first syllable and the open vowel /ɛ/ in the stressed syllable match standard Brazilian Portuguese pronunciation.	2026-05-10T22:02:20+00:00
3421.00.01	word	mútuo	qPfM2laM0pRL4rrZtBGl	untranscribable_audio_verified_bp	bp_ok	none	low	high	The vowels and consonants are pronounced with standard Brazilian Portuguese phonetic features, including the [u] vowels and the clear 'tch' sound for 't' before 'u'.	2026-05-10T22:02:20+00:00
4366.00.02	word	ronda	Rw38T6bn0lTNOb1aUevR	untranscribable_audio_verified_bp	bp_ok	none	low	high	The initial 'r' is pronounced as a back fricative [h] or [χ], which is characteristic of Brazilian Portuguese.	2026-05-10T22:02:20+00:00
4366.00.01	word	ronda	Rw38T6bn0lTNOb1aUevR	untranscribable_audio_verified_bp	bp_ok	none	low	high	The initial 'r' is pronounced with a back fricative [h] sound, which is a characteristic feature of Brazilian Portuguese.	2026-05-10T22:02:20+00:00
4393.00.02	word	troço	wxoDdfPKBuna5KnUEotz	untranscribable_audio_verified_bp	bp_ok	none	low	high	The 'r' sound is realized as a back fricative, which is characteristic of Brazilian Portuguese, and the vowel sounds match the expected pronunciation.	2026-05-10T22:02:20+00:00
4565.00.01	word	mercê	m151rjrbWXbBqyq56tly	untranscribable_audio_verified_bp	bp_ok	none	low	high	The final unstressed '-e' is pronounced as a clear 'ee' vowel, which aligns with standard Brazilian Portuguese.	2026-05-10T22:02:20+00:00
4701.00.01	word	fação	Rw38T6bn0lTNOb1aUevR	untranscribable_audio_verified_bp	bp_ok	none	low	high	The final '-ção' was pronounced with a nasal vowel and a [w] sound at the end, which is typical in Brazilian Portuguese.	2026-05-10T22:02:20+00:00
3344.00.03	word	afastamento	xNGAXaCH8MaasNuo7Hr7	untranscribable_audio_verified_bp	bp_ok	none	low	high	The speaker pronounced the initial 'r' as a back fricative [h] sound and vocalized the final 'e' as [i], consistent with Brazilian Portuguese phonetics.	2026-05-10T22:02:20+00:00
0265.00.01	example	A altura da montanha é de 2.000 metros.	m151rjrbWXbBqyq56tly	untranscribable_audio_verified_bp	bp_ok	none	low	high	The initial 'r' is pronounced as a back fricative [h], which is characteristic of Brazilian Portuguese.	2026-05-10T22:02:20+00:00
0564.00.02	word	marcar	xNGAXaCH8MaasNuo7Hr7	untranscribable_audio_verified_bp	bp_ok	none	low	high	The final 'r' was pronounced with a back fricative [ʁ], which is standard in Brazilian Portuguese.	2026-05-10T22:02:20+00:00
0665.00.01	word	supor	wxoDdfPKBuna5KnUEotz	untranscribable_audio_verified_bp	bp_ok	none	low	high	The final 'r' was pronounced with a back fricative sound, consistent with Brazilian Portuguese.	2026-05-10T22:02:20+00:00
0732.00.01	word	grave	xNGAXaCH8MaasNuo7Hr7	untranscribable_audio_verified_bp	bp_ok	none	low	high	The final unstressed 'e' is pronounced as [i], consistent with standard Brazilian Portuguese.	2026-05-10T22:02:20+00:00
1368.00.01	word	deter	AaeZyyi87RCxtFnHPS3e	untranscribable_audio_verified_bp	bp_ok	none	low	high	The final 'r' is pronounced as a back fricative [ʁ], which aligns with standard Brazilian Portuguese pronunciation.	2026-05-10T22:02:20+00:00
1406.00.01	word	deitar	xNGAXaCH8MaasNuo7Hr7	untranscribable_audio_verified_bp	bp_ok	none	low	high	The initial 'd' in 'deitar' is pronounced as an affricate [dʒ] before the vowel, which is typical in Brazilian Portuguese pronunciation.	2026-05-10T22:02:20+00:00
1764.00.01	word	marcha	m151rjrbWXbBqyq56tly	untranscribable_audio_verified_bp	bp_ok	none	low	high	The 'r' sound is pronounced as a back fricative [ʁ], which is typical of Brazilian Portuguese.	2026-05-10T22:02:20+00:00
1764.00.03	word	marcha	AaeZyyi87RCxtFnHPS3e	untranscribable_audio_verified_bp	bp_ok	none	low	high	The 'r' sound was pronounced as a back fricative [ʁ], which is typical in Brazilian Portuguese.	2026-05-10T22:02:20+00:00
2241.00.02	word	erguer	xNGAXaCH8MaasNuo7Hr7	untranscribable_audio_verified_bp	bp_ok	none	low	high	The initial 'r' sound is a back fricative [h] or [χ], typical of Brazilian Portuguese, and the final 'r' is pronounced as expected.	2026-05-10T22:02:20+00:00
2464.00.01	word	aderir	m151rjrbWXbBqyq56tly	untranscribable_audio_verified_bp	bp_ok	none	low	high	The pronunciation featured a back fricative [ʁ] for the final 'r', which is consistent with Brazilian Portuguese.	2026-05-10T22:02:20+00:00
3435.00.01	word	piorar	AaeZyyi87RCxtFnHPS3e	untranscribable_audio_verified_bp	bp_ok	none	low	high	The final 'r' sound is pronounced as a back fricative [ʁ], typical in Brazilian Portuguese.	2026-05-10T22:02:20+00:00
4111.00.01	word	beijar	xNGAXaCH8MaasNuo7Hr7	untranscribable_audio_verified_bp	bp_ok	none	low	high	The pronunciation features a voiced postalveolar fricative [ʒ] and a back fricative [ʁ] for the final 'r', both of which are characteristic of standard Brazilian Portuguese.	2026-05-10T22:02:20+00:00
4568.00.01	word	tremer	qPfM2laM0pRL4rrZtBGl	untranscribable_audio_verified_bp	bp_ok	none	low	high	The final 'r' is pronounced with a back fricative sound [ʁ] or [h], which is characteristic of Brazilian Portuguese.	2026-05-10T22:02:20+00:00
4613.00.01	word	hostil	wxoDdfPKBuna5KnUEotz	untranscribable_audio_verified_bp	bp_ok	none	low	high	The final 'l' is vocalized to [w], which is a strong indicator of standard Brazilian Portuguese pronunciation.	2026-05-10T22:02:20+00:00
0067.00.01	word	porque	m151rjrbWXbBqyq56tly	untranscribable_audio_verified_bp	bp_ok	none	low	high	The 'r' sound is pronounced as a back fricative [h], typical of Brazilian Portuguese.	2026-05-10T22:02:20+00:00
0402.00.01	word	aspecto	qPfM2laM0pRL4rrZtBGl	untranscribable_audio_verified_bp	bp_ok	none	low	high	The final '-to' was pronounced with a clear 'u' sound, typical of Brazilian Portuguese, and the 's' sound was not overly palatalized.	2026-05-10T22:02:20+00:00
1175.00.01	word	agente	4r3G9XKliGgVZLKMgjik	untranscribable_audio_verified_bp	bp_ok	none	low	high	The final -te is pronounced with a palatalized [tʃi] sound, which is characteristic of Brazilian Portuguese.	2026-05-10T22:02:20+00:00
2568.00.01	word	resíduo	m151rjrbWXbBqyq56tly	untranscribable_audio_verified_bp	bp_ok	none	low	high	Final 'l' was vocalized to [w], which is characteristic of Brazilian Portuguese.	2026-05-10T22:02:20+00:00
3234.00.02	word	bilhete	4r3G9XKliGgVZLKMgjik	untranscribable_audio_verified_bp	bp_ok	none	low	high	The final -te is palatalized as [tʃi], which confirms standard Brazilian Portuguese pronunciation.	2026-05-10T22:02:20+00:00
4538.00.01	word	furioso	m151rjrbWXbBqyq56tly	untranscribable_audio_verified_bp	bp_ok	none	low	high	The final 'o' was clearly pronounced as [u], and the initial 'r' was produced with a back fricative [h]-like sound, both consistent with standard Brazilian Portuguese phonetics.	2026-05-10T22:02:20+00:00
2254.00.01	example	Meu avô guardava moedas de cruzado da década de 80.	Rw38T6bn0lTNOb1aUevR	untranscribable_audio_verified_bp	bp_ok	none	low	high	The final '-do' is pronounced with a clear [u] vowel, which is standard in Brazilian Portuguese.	2026-05-10T22:02:20+00:00
3604.00.01	word	proferir	AaeZyyi87RCxtFnHPS3e	untranscribable_audio_verified_bp	bp_ok	none	low	high	The initial 'r' was pronounced as a back fricative [h]-like sound, which is typical of Brazilian Portuguese.	2026-05-10T22:02:20+00:00
3908.00.01	word	alastrar	m151rjrbWXbBqyq56tly	untranscribable_audio_verified_bp	bp_ok	none	low	high	The final 'r' is pronounced as a back fricative sound, which is typical in Brazilian Portuguese.	2026-05-10T22:02:20+00:00
1290.00.01	word	permanente	m151rjrbWXbBqyq56tly	untranscribable_audio_verified_bp	bp_ok	none	low	high	The final '-te' is palatalized to [tʃi], which is characteristic of Brazilian Portuguese pronunciation.	2026-05-10T22:02:20+00:00
1598.00.01	word	prosseguir	m151rjrbWXbBqyq56tly	untranscribable_audio_verified_bp	bp_ok	none	low	high	The /r/ sound at the end is pronounced as a back fricative [ʁ], which is typical for standard Brazilian Portuguese.	2026-05-10T22:02:20+00:00
0363.00.01	example	Dou um passo de cada vez na escada.	Rw38T6bn0lTNOb1aUevR	untranscribable_audio_verified_bp	bp_ok	none	low	high	The word 'passo' contains a clear final 'o' vowel pronounced as [u], which aligns with standard Brazilian Portuguese phonetics.	2026-05-10T22:02:20+00:00
