sense_id	clip_type	voice_gender	voice_id	text_input	object_key	url	version	md5	asr_transcript	asr_similarity	asr_phonetic_distance	asr_decision	asr_attempts	asr_cost_usd	asr_notes	applied_gain_db	final_lufs	final_tp	loudness_within_tolerance	tp_limited	generated_at	status
0001.00.01	word	f	m151rjrbWXbBqyq56tly	o	audio_pilot_v3/0001.00.01-word-eleven_v3-v1.mp3	https://pub-155fa287ae724688aaa870d99135311a.r2.dev/audio_pilot_v3/0001.00.01-word-eleven_v3-v1.mp3	1	6c6a1ca3452aaf08c108ea0291295784	o	1.0000	0.0000	pass	1	0.00000	short-input phonetic check (dist=0.00, thresh=0.40)	-3.240	-15.810	-4.000	true	false	2026-05-11T21:52:57.726140+00:00	uploaded
0002.00.02	example	m	xNGAXaCH8MaasNuo7Hr7	Eu sou de São Paulo.	audio_pilot_v3/0002.00.02-ex-eleven_v3-v1.mp3	https://pub-155fa287ae724688aaa870d99135311a.r2.dev/audio_pilot_v3/0002.00.02-ex-eleven_v3-v1.mp3	1	111dc9e7f0ac62473ed1d2ee8bef4902	Eu sou de São Paulo.	1.0000	0.0000	pass	1	0.00000		-0.340	-16.260	-4.860	true	false	2026-05-11T21:52:57.726140+00:00	uploaded
0002.00.02	word	m	xNGAXaCH8MaasNuo7Hr7	de	audio_pilot_v3/0002.00.02-word-eleven_v3-v1.mp3	https://pub-155fa287ae724688aaa870d99135311a.r2.dev/audio_pilot_v3/0002.00.02-word-eleven_v3-v1.mp3	1	42dd8fedfdd2ef4d85d6d220c1bc9e9e	de	1.0000	0.0000	pass	1	0.00000	short-input phonetic check (dist=0.00, thresh=0.40)	-4.900	-16.820	-5.360	true	false	2026-05-11T21:52:57.726140+00:00	uploaded
0001.00.02	example	f	m151rjrbWXbBqyq56tly	Eu o vi na escola ontem.	audio_pilot_v3/0001.00.02-ex-eleven_v3-v1.mp3	https://pub-155fa287ae724688aaa870d99135311a.r2.dev/audio_pilot_v3/0001.00.02-ex-eleven_v3-v1.mp3	1	d986adcee28e2bf9bd0d03b2f7e54935	Eu vi na escola ontem.	0.9130	0.0714	regen	1	0.00000		-2.360	-16.190	-3.070	true	false	2026-05-11T21:52:57.726140+00:00	uploaded
0002.00.01	word	f	m151rjrbWXbBqyq56tly	de	audio_pilot_v3/0002.00.01-word-eleven_v3-v1.mp3	https://pub-155fa287ae724688aaa870d99135311a.r2.dev/audio_pilot_v3/0002.00.01-word-eleven_v3-v1.mp3	1	556d7a10ede83d0c568956806d818144	de	1.0000	0.0000	pass	1	0.00000	short-input phonetic check (dist=0.00, thresh=0.40)	1.540	-16.090	-1.770	true	true	2026-05-11T21:52:57.726140+00:00	uploaded
0003.00.01	example	m	ny3E2DZImeZm00WLGZi9	Moro em São Paulo com minha família.	audio_pilot_v3/0003.00.01-ex-eleven_v3-v1.mp3	https://pub-155fa287ae724688aaa870d99135311a.r2.dev/audio_pilot_v3/0003.00.01-ex-eleven_v3-v1.mp3	1	4b761e85dd0420c0c6805ea671f98a48	Moro em São Paulo com minha família.	1.0000	0.0000	pass	1	0.00000		1.660	-16.920	-1.760	true	true	2026-05-11T21:52:57.726140+00:00	uploaded
0001.00.01	example	f	m151rjrbWXbBqyq56tly	O livro está na mesa.	audio_pilot_v3/0001.00.01-ex-eleven_v3-v1.mp3	https://pub-155fa287ae724688aaa870d99135311a.r2.dev/audio_pilot_v3/0001.00.01-ex-eleven_v3-v1.mp3	1	4c77a6e4532ef4d6570ac382da16784a	O livro está na mesa.	1.0000	0.0000	pass	1	0.00000		-1.200	-16.430	-1.780	true	true	2026-05-11T21:52:57.726140+00:00	uploaded
0001.00.02	word	f	m151rjrbWXbBqyq56tly	o	audio_pilot_v3/0001.00.02-word-eleven_v3-v1.mp3	https://pub-155fa287ae724688aaa870d99135311a.r2.dev/audio_pilot_v3/0001.00.02-word-eleven_v3-v1.mp3	1	98eb685ab935d244655b86496b5f5f39	o	1.0000	0.0000	pass	1	0.00000	short-input phonetic check (dist=0.00, thresh=0.40)	-2.110	-15.620	-2.740	true	false	2026-05-11T21:52:57.726140+00:00	uploaded
0002.00.01	example	f	m151rjrbWXbBqyq56tly	O livro de Maria está na mesa.	audio_pilot_v3/0002.00.01-ex-eleven_v3-v1.mp3	https://pub-155fa287ae724688aaa870d99135311a.r2.dev/audio_pilot_v3/0002.00.01-ex-eleven_v3-v1.mp3	1	df344139329a94ad71485a8dc71f1608	O livro de Maria está na mesa.	1.0000	0.0000	pass	1	0.00000		-1.120	-16.260	-1.770	true	true	2026-05-11T21:52:57.726140+00:00	uploaded
0003.00.01	word	m	ny3E2DZImeZm00WLGZi9	em	audio_pilot_v3/0003.00.01-word-eleven_v3-v1.mp3	https://pub-155fa287ae724688aaa870d99135311a.r2.dev/audio_pilot_v3/0003.00.01-word-eleven_v3-v1.mp3	1	175c75d86b0796bcfb521cfec2ab6dfa	em	1.0000	0.0000	pass	1	0.00000	short-input phonetic check (dist=0.00, thresh=0.40)	10.120	-15.900	-4.030	true	false	2026-05-11T21:52:57.726140+00:00	uploaded
0004.00.01	word	f	m151rjrbWXbBqyq56tly	e	audio_pilot_v3/0004.00.01-word-eleven_v3-v1.mp3	https://pub-155fa287ae724688aaa870d99135311a.r2.dev/audio_pilot_v3/0004.00.01-word-eleven_v3-v1.mp3	1	06f80562249dac2f8354908c7b22f19b	e	1.0000	0.0000	pass	1	0.00000	short-input phonetic check (dist=0.00, thresh=0.40)	3.530	-15.940	-4.820	true	false	2026-05-11T21:52:57.726140+00:00	uploaded
0003.00.02	word	f	m151rjrbWXbBqyq56tly	em	audio_pilot_v3/0003.00.02-word-eleven_v3-v1.mp3	https://pub-155fa287ae724688aaa870d99135311a.r2.dev/audio_pilot_v3/0003.00.02-word-eleven_v3-v1.mp3	1	f6c6539e0149b1480dfe1162433500f4	em	1.0000	0.0000	pass	1	0.00000	short-input phonetic check (dist=0.00, thresh=0.40)	3.210	-15.820	-3.210	true	false	2026-05-11T21:52:57.726140+00:00	uploaded
0003.00.02	example	f	m151rjrbWXbBqyq56tly	O livro está em cima da mesa.	audio_pilot_v3/0003.00.02-ex-eleven_v3-v1.mp3	https://pub-155fa287ae724688aaa870d99135311a.r2.dev/audio_pilot_v3/0003.00.02-ex-eleven_v3-v1.mp3	1	21cbe961cd247f3c593ab9e394d2ad8c	O livro está em cima da mesa.	1.0000	0.0000	pass	1	0.00000		-1.320	-16.240	-1.860	true	false	2026-05-11T21:52:57.726140+00:00	uploaded
0005.00.02	word	f	Rw38T6bn0lTNOb1aUevR	que	audio_pilot_v3/0005.00.02-word-eleven_v3-v1.mp3	https://pub-155fa287ae724688aaa870d99135311a.r2.dev/audio_pilot_v3/0005.00.02-word-eleven_v3-v1.mp3	1	c3d4a9b3d86ad5d306dd42969b05945d	que	1.0000	0.0000	pass	1	0.00000	short-input phonetic check (dist=0.00, thresh=0.40)	-0.180	-17.070	-1.500	false	true	2026-05-11T21:52:57.726140+00:00	uploaded
0005.00.01	word	f	m151rjrbWXbBqyq56tly	que	audio_pilot_v3/0005.00.01-word-eleven_v3-v1.mp3	https://pub-155fa287ae724688aaa870d99135311a.r2.dev/audio_pilot_v3/0005.00.01-word-eleven_v3-v1.mp3	1	d4391302d797ca184e0af5769c4c3139	que	1.0000	0.0000	pass	1	0.00000	short-input phonetic check (dist=0.00, thresh=0.40)	0.460	-18.730	-1.500	false	true	2026-05-11T21:52:57.726140+00:00	uploaded
0005.00.01	example	f	m151rjrbWXbBqyq56tly	Ele disse que vai chegar tarde hoje.	audio_pilot_v3/0005.00.01-ex-eleven_v3-v1.mp3	https://pub-155fa287ae724688aaa870d99135311a.r2.dev/audio_pilot_v3/0005.00.01-ex-eleven_v3-v1.mp3	1	73e8d9d6d3ed74d32ce60493ccc0003a	Ele disse que vai chegar tarde hoje.	1.0000	0.0000	pass	1	0.00000		-1.580	-16.250	-2.190	true	false	2026-05-11T21:52:57.726140+00:00	uploaded
0004.00.01	example	f	m151rjrbWXbBqyq56tly	Eu gosto de café e pão no café da manhã.	audio_pilot_v3/0004.00.01-ex-eleven_v3-v1.mp3	https://pub-155fa287ae724688aaa870d99135311a.r2.dev/audio_pilot_v3/0004.00.01-ex-eleven_v3-v1.mp3	1	674ed26579f1fbc8763f7eb09235e683	Eu gosto de café e pão no café da manhã.	1.0000	0.0000	pass	1	0.00000		-1.510	-16.260	-2.070	true	false	2026-05-11T21:52:57.726140+00:00	uploaded
0005.00.02	example	f	Rw38T6bn0lTNOb1aUevR	Meu irmão é mais alto que eu.	audio_pilot_v3/0005.00.02-ex-eleven_v3-v1.mp3	https://pub-155fa287ae724688aaa870d99135311a.r2.dev/audio_pilot_v3/0005.00.02-ex-eleven_v3-v1.mp3	1	9e03ffe27982c7406aaf192e3a93ab7a	Meu irmão é mais alto que eu.	1.0000	0.0000	pass	1	0.00000		-2.870	-16.230	-3.640	true	false	2026-05-11T21:52:57.726140+00:00	uploaded
0005.00.03	word	m	wxoDdfPKBuna5KnUEotz	que	audio_pilot_v3/0005.00.03-word-eleven_v3-v1.mp3	https://pub-155fa287ae724688aaa870d99135311a.r2.dev/audio_pilot_v3/0005.00.03-word-eleven_v3-v1.mp3	1	f9ef73f60ca07834be9f20cfcba993b1	que	1.0000	0.0000	pass	1	0.00000	short-input phonetic check (dist=0.00, thresh=0.40)	-0.720	-17.180	-1.480	false	true	2026-05-11T21:52:57.726140+00:00	uploaded
0006.00.01	word	f	m151rjrbWXbBqyq56tly	ser	audio_pilot_v3/0006.00.01-word-eleven_v3-v1.mp3	https://pub-155fa287ae724688aaa870d99135311a.r2.dev/audio_pilot_v3/0006.00.01-word-eleven_v3-v1.mp3	1	492d6c703e33da7a4d4e1f9042dac46a	Ser	1.0000	0.0000	pass	1	0.00000	short-input phonetic check (dist=0.00, thresh=0.40)	0.130	-16.930	-1.840	true	false	2026-05-11T21:52:57.726140+00:00	uploaded
0006.00.01	example	f	m151rjrbWXbBqyq56tly	Ela é professora de inglês.	audio_pilot_v3/0006.00.01-ex-eleven_v3-v1.mp3	https://pub-155fa287ae724688aaa870d99135311a.r2.dev/audio_pilot_v3/0006.00.01-ex-eleven_v3-v1.mp3	1	d88640c551a0972cc5758638e67ce5ed	Ela é professora de inglês.	1.0000	0.0000	pass	1	0.00000		-2.460	-16.210	-3.420	true	false	2026-05-11T21:52:57.726140+00:00	uploaded
0007.00.02	word	f	m151rjrbWXbBqyq56tly	um	audio_pilot_v3/0007.00.02-word-eleven_v3-v1.mp3	https://pub-155fa287ae724688aaa870d99135311a.r2.dev/audio_pilot_v3/0007.00.02-word-eleven_v3-v1.mp3	1	8e3849f59fd60c93df1b73f1e4f30c20	um	1.0000	0.0000	pass	1	0.00000	short-input phonetic check (dist=0.00, thresh=0.40)	3.450	-15.960	-3.690	true	false	2026-05-11T21:52:57.726140+00:00	uploaded
0007.00.01	word	m	4r3G9XKliGgVZLKMgjik	um	audio_pilot_v3/0007.00.01-word-eleven_v3-v1.mp3	https://pub-155fa287ae724688aaa870d99135311a.r2.dev/audio_pilot_v3/0007.00.01-word-eleven_v3-v1.mp3	1	0011d8dd3d749d84b75d9915bf350919	um	1.0000	0.0000	pass	1	0.00000	short-input phonetic check (dist=0.00, thresh=0.40)	9.400	-17.530	-1.500	false	true	2026-05-11T21:52:57.726140+00:00	uploaded
0007.00.01	example	m	4r3G9XKliGgVZLKMgjik	Eu tenho um gato preto.	audio_pilot_v3/0007.00.01-ex-eleven_v3-v1.mp3	https://pub-155fa287ae724688aaa870d99135311a.r2.dev/audio_pilot_v3/0007.00.01-ex-eleven_v3-v1.mp3	1	0f15d9554e01cd8c3cdf0fcd9103bd44	Eu tenho um gato preto.	1.0000	0.0000	pass	1	0.00000		-0.620	-17.220	-1.510	false	true	2026-05-11T21:52:57.726140+00:00	uploaded
0008.00.02	word	m	4r3G9XKliGgVZLKMgjik	por	audio_pilot_v3/0008.00.02-word-eleven_v3-v1.mp3	https://pub-155fa287ae724688aaa870d99135311a.r2.dev/audio_pilot_v3/0008.00.02-word-eleven_v3-v1.mp3	1	465ba53199288dce2065d1b6f46bbdad	por	1.0000	0.0000	pass	1	0.00000	short-input phonetic check (dist=0.00, thresh=0.40)	0.510	-17.000	-1.760	true	true	2026-05-11T21:52:57.726140+00:00	uploaded
0008.00.01	example	m	4r3G9XKliGgVZLKMgjik	O livro foi escrito por um autor brasileiro.	audio_pilot_v3/0008.00.01-ex-eleven_v3-v1.mp3	https://pub-155fa287ae724688aaa870d99135311a.r2.dev/audio_pilot_v3/0008.00.01-ex-eleven_v3-v1.mp3	1	814d0f389dcc80b99729a9b26abf8d48	O livro foi escrito por um autor brasileiro.	1.0000	0.0000	pass	1	0.00000		-1.390	-16.260	-2.430	true	false	2026-05-11T21:52:57.726140+00:00	uploaded
0008.00.01	word	m	4r3G9XKliGgVZLKMgjik	por	audio_pilot_v3/0008.00.01-word-eleven_v3-v1.mp3	https://pub-155fa287ae724688aaa870d99135311a.r2.dev/audio_pilot_v3/0008.00.01-word-eleven_v3-v1.mp3	1	e5e93a6e29a8a31976cf87816c20dee4	por	1.0000	0.0000	pass	1	0.00000	short-input phonetic check (dist=0.00, thresh=0.40)	2.280	-17.260	-1.510	false	true	2026-05-11T21:52:57.726140+00:00	uploaded
0007.00.02	example	f	m151rjrbWXbBqyq56tly	Eu tenho um gato e dois cachorros.	audio_pilot_v3/0007.00.02-ex-eleven_v3-v1.mp3	https://pub-155fa287ae724688aaa870d99135311a.r2.dev/audio_pilot_v3/0007.00.02-ex-eleven_v3-v1.mp3	1	5365f9f866a2e8bd55dbccd5092ed28c	Eu tenho um gato e dois cachorros.	1.0000	0.0000	pass	1	0.00000		-1.080	-16.800	-1.780	true	true	2026-05-11T21:52:57.726140+00:00	uploaded
0008.00.02	example	m	4r3G9XKliGgVZLKMgjik	Caminhamos pela floresta até o rio.	audio_pilot_v3/0008.00.02-ex-eleven_v3-v1.mp3	https://pub-155fa287ae724688aaa870d99135311a.r2.dev/audio_pilot_v3/0008.00.02-ex-eleven_v3-v1.mp3	1	e3da3d3c2199ffbc3e7f2b9bd61805b9	Caminhamos pela floresta até o rio.	1.0000	0.0000	pass	1	0.00000		-2.880	-16.400	-3.920	true	false	2026-05-11T21:52:57.726140+00:00	uploaded
0008.00.03	word	m	ny3E2DZImeZm00WLGZi9	por	audio_pilot_v3/0008.00.03-word-eleven_v3-v1.mp3	https://pub-155fa287ae724688aaa870d99135311a.r2.dev/audio_pilot_v3/0008.00.03-word-eleven_v3-v1.mp3	1	f1e9b9518c809bf568aa89de33baabc2	por	1.0000	0.0000	pass	1	0.00000	short-input phonetic check (dist=0.00, thresh=0.40)	0.550	-16.350	-2.610	true	false	2026-05-11T21:52:57.726140+00:00	uploaded
0008.00.03	example	m	ny3E2DZImeZm00WLGZi9	Comprei flores por você.	audio_pilot_v3/0008.00.03-ex-eleven_v3-v1.mp3	https://pub-155fa287ae724688aaa870d99135311a.r2.dev/audio_pilot_v3/0008.00.03-ex-eleven_v3-v1.mp3	1	6f3cd7bd5fa7d6d4aaaf5c5acfa18647	Comprei flores por você.	1.0000	0.0000	pass	1	0.00000		-0.130	-17.080	-1.500	false	true	2026-05-11T21:52:57.726140+00:00	uploaded
0009.00.01	example	f	Rw38T6bn0lTNOb1aUevR	Vou para a escola de manhã.	audio_pilot_v3/0009.00.01-ex-eleven_v3-v1.mp3	https://pub-155fa287ae724688aaa870d99135311a.r2.dev/audio_pilot_v3/0009.00.01-ex-eleven_v3-v1.mp3	1	1ff7b8b4f1d0b05142f1d30151089e4a	Vou para a escola de manhã.	1.0000	0.0000	pass	1	0.00000		-3.830	-16.210	-5.050	true	false	2026-05-11T21:52:57.726140+00:00	uploaded
0009.00.01	word	f	Rw38T6bn0lTNOb1aUevR	para	audio_pilot_v3/0009.00.01-word-eleven_v3-v1.mp3	https://pub-155fa287ae724688aaa870d99135311a.r2.dev/audio_pilot_v3/0009.00.01-word-eleven_v3-v1.mp3	1	86cf179f5a29d10a880278c4cfd81722	Para.	1.0000	0.0000	pass	2	0.00000	biased+unbiased agreed	1.780	-18.710	-1.490	false	true	2026-05-11T21:52:57.726140+00:00	uploaded
0009.00.02	example	m	4r3G9XKliGgVZLKMgjik	Comprei um presente para minha mãe.	audio_pilot_v3/0009.00.02-ex-eleven_v3-v1.mp3	https://pub-155fa287ae724688aaa870d99135311a.r2.dev/audio_pilot_v3/0009.00.02-ex-eleven_v3-v1.mp3	1	8e190be6f1dd3532034c91d651dedf8c	Comprei um presente para minha mãe.	1.0000	0.0000	pass	1	0.00000		-3.430	-16.280	-4.370	true	false	2026-05-11T21:52:57.726140+00:00	uploaded
0005.00.03	example	m	wxoDdfPKBuna5KnUEotz	Que horas são?	audio_pilot_v3/0005.00.03-ex-eleven_v3-v1.mp3	https://pub-155fa287ae724688aaa870d99135311a.r2.dev/audio_pilot_v3/0005.00.03-ex-eleven_v3-v1.mp3	1	07c6395d56352c8f15d26b0328b66198	Que horas são?	1.0000	0.0000	pass	1	0.00000		-3.120	-16.040	-4.040	true	false	2026-05-11T21:52:57.726140+00:00	uploaded
0009.00.03	example	m	AaeZyyi87RCxtFnHPS3e	Estudo português para viajar ao Brasil.	audio_pilot_v3/0009.00.03-ex-eleven_v3-v1.mp3	https://pub-155fa287ae724688aaa870d99135311a.r2.dev/audio_pilot_v3/0009.00.03-ex-eleven_v3-v1.mp3	1	79a263044366a63981fd52011b0a4524	Estudo português para viajar ao Brasil.	1.0000	0.0000	pass	1	0.00000		-2.930	-16.260	-3.630	true	false	2026-05-11T21:52:57.726140+00:00	uploaded
0010.00.02	word	m	qPfM2laM0pRL4rrZtBGl	a	audio_pilot_v3/0010.00.02-word-eleven_v3-v1.mp3	https://pub-155fa287ae724688aaa870d99135311a.r2.dev/audio_pilot_v3/0010.00.02-word-eleven_v3-v1.mp3	1	3af997b5dad80f4f8bdc6295fe4d3a14	a	1.0000	0.0000	pass	1	0.00000	short-input phonetic check (dist=0.00, thresh=0.40)	-1.680	-16.100	-2.770	true	false	2026-05-11T21:52:57.726140+00:00	uploaded
0010.00.01	word	m	qPfM2laM0pRL4rrZtBGl	a	audio_pilot_v3/0010.00.01-word-eleven_v3-v1.mp3	https://pub-155fa287ae724688aaa870d99135311a.r2.dev/audio_pilot_v3/0010.00.01-word-eleven_v3-v1.mp3	1	b4a045f567cb1200ca436df11e16a076	a	1.0000	0.0000	pass	1	0.00000	short-input phonetic check (dist=0.00, thresh=0.40)	-0.770	-16.580	-1.490	true	false	2026-05-11T21:52:57.726140+00:00	uploaded
0010.00.01	example	m	qPfM2laM0pRL4rrZtBGl	Vou à escola de manhã.	audio_pilot_v3/0010.00.01-ex-eleven_v3-v1.mp3	https://pub-155fa287ae724688aaa870d99135311a.r2.dev/audio_pilot_v3/0010.00.01-ex-eleven_v3-v1.mp3	1	eea89d6c5562497b1188e6570edf98e0	Vou à escola de manhã.	1.0000	0.0000	pass	1	0.00000		-0.730	-16.880	-1.760	true	true	2026-05-11T21:52:57.726140+00:00	uploaded
0009.00.02	word	m	4r3G9XKliGgVZLKMgjik	para	audio_pilot_v3/0009.00.02-word-eleven_v3-v1.mp3	https://pub-155fa287ae724688aaa870d99135311a.r2.dev/audio_pilot_v3/0009.00.02-word-eleven_v3-v1.mp3	1	f32ff09549601e1185f1c6ef0f8d43a2	Para.	1.0000	0.0000	pass	2	0.00000	biased+unbiased agreed	2.280	-22.020	-1.500	false	true	2026-05-11T21:52:57.726140+00:00	uploaded
0009.00.03	word	m	AaeZyyi87RCxtFnHPS3e	para	audio_pilot_v3/0009.00.03-word-eleven_v3-v1.mp3	https://pub-155fa287ae724688aaa870d99135311a.r2.dev/audio_pilot_v3/0009.00.03-word-eleven_v3-v1.mp3	1	3c1842edc3a3ea4bff12619a1d6480a2	Para.	1.0000	0.0000	pass	2	0.00000	biased+unbiased agreed	-0.520	-17.470	-1.500	false	true	2026-05-11T21:52:57.726140+00:00	uploaded
0011.00.01	example	m	qPfM2laM0pRL4rrZtBGl	Não quero café, obrigado.	audio_pilot_v3/0011.00.01-ex-eleven_v3-v1.mp3	https://pub-155fa287ae724688aaa870d99135311a.r2.dev/audio_pilot_v3/0011.00.01-ex-eleven_v3-v1.mp3	1	0a5390bf51c1f1fbf66f66f5dc113bfd	Não quero café, obrigado.	1.0000	0.0000	pass	1	0.00000		0.480	-16.390	-1.770	true	true	2026-05-11T21:52:57.726140+00:00	uploaded
0012.00.01	word	f	Rw38T6bn0lTNOb1aUevR	com	audio_pilot_v3/0012.00.01-word-eleven_v3-v1.mp3	https://pub-155fa287ae724688aaa870d99135311a.r2.dev/audio_pilot_v3/0012.00.01-word-eleven_v3-v1.mp3	1	9bbe3679d3c67752918efc3260e2f620	com	1.0000	0.0000	pass	1	0.00000	short-input phonetic check (dist=0.00, thresh=0.40)	-0.450	-16.750	-1.770	true	true	2026-05-11T21:52:57.726140+00:00	uploaded
0010.00.02	example	m	qPfM2laM0pRL4rrZtBGl	Eu estudo na escola às oito horas.	audio_pilot_v3/0010.00.02-ex-eleven_v3-v1.mp3	https://pub-155fa287ae724688aaa870d99135311a.r2.dev/audio_pilot_v3/0010.00.02-ex-eleven_v3-v1.mp3	1	fb7744f0895b65b09fade6d4cc1c53ea	Eu estudo na escola às oito horas.	1.0000	0.0000	pass	1	0.00000		0.090	-17.420	-1.490	false	true	2026-05-11T21:52:57.726140+00:00	uploaded
0011.00.01	word	m	qPfM2laM0pRL4rrZtBGl	não	audio_pilot_v3/0011.00.01-word-eleven_v3-v1.mp3	https://pub-155fa287ae724688aaa870d99135311a.r2.dev/audio_pilot_v3/0011.00.01-word-eleven_v3-v1.mp3	1	2ee2e764f603f9036175c8183be41e42	Não.	1.0000	0.0000	pass	1	0.00000	short-input phonetic check (dist=0.00, thresh=0.40)	7.160	-19.040	-1.500	false	true	2026-05-11T21:52:57.726140+00:00	uploaded
0012.00.01	example	f	Rw38T6bn0lTNOb1aUevR	Vou ao cinema com meus amigos hoje.	audio_pilot_v3/0012.00.01-ex-eleven_v3-v1.mp3	https://pub-155fa287ae724688aaa870d99135311a.r2.dev/audio_pilot_v3/0012.00.01-ex-eleven_v3-v1.mp3	1	28046b6bfec90e6c1d3fb09d88d647fb	Vou ao cinema com meus amigos hoje.	1.0000	0.0000	pass	1	0.00000		-2.700	-16.230	-4.780	true	false	2026-05-11T21:52:57.726140+00:00	uploaded
0013.00.01	word	m	xNGAXaCH8MaasNuo7Hr7	ter	audio_pilot_v3/0013.00.01-word-eleven_v3-v1.mp3	https://pub-155fa287ae724688aaa870d99135311a.r2.dev/audio_pilot_v3/0013.00.01-word-eleven_v3-v1.mp3	1	28ee403b71229ba039c25ea1e2af0282	ter	1.0000	0.0000	pass	1	0.00000	short-input phonetic check (dist=0.00, thresh=0.40)	-0.200	-16.840	-2.600	true	false	2026-05-11T21:52:57.726140+00:00	uploaded
0013.00.01	example	m	xNGAXaCH8MaasNuo7Hr7	Eu tenho dois irmãos e uma irmã.	audio_pilot_v3/0013.00.01-ex-eleven_v3-v1.mp3	https://pub-155fa287ae724688aaa870d99135311a.r2.dev/audio_pilot_v3/0013.00.01-ex-eleven_v3-v1.mp3	1	cc701ca995f509408915793029145749	Eu tenho dois irmãos e uma irmã.	1.0000	0.0000	pass	1	0.00000		-1.990	-16.280	-3.310	true	false	2026-05-11T21:52:57.726140+00:00	uploaded
0014.00.01	word	m	ny3E2DZImeZm00WLGZi9	se	audio_pilot_v3/0014.00.01-word-eleven_v3-v1.mp3	https://pub-155fa287ae724688aaa870d99135311a.r2.dev/audio_pilot_v3/0014.00.01-word-eleven_v3-v1.mp3	1	a2f8a586c25ce0a0c49eb5a9452f807f	Se	1.0000	0.0000	pass	1	0.00000	short-input phonetic check (dist=0.00, thresh=0.40)	4.980	-19.990	-1.500	false	true	2026-05-11T21:52:57.726140+00:00	uploaded
0014.00.01	example	m	ny3E2DZImeZm00WLGZi9	Ela se olhou no espelho antes de sair.	audio_pilot_v3/0014.00.01-ex-eleven_v3-v1.mp3	https://pub-155fa287ae724688aaa870d99135311a.r2.dev/audio_pilot_v3/0014.00.01-ex-eleven_v3-v1.mp3	1	403c080de15f1e27c6335568a7480b0f	Ela se olhou no espelho antes de sair.	1.0000	0.0000	pass	1	0.00000		1.090	-16.260	-2.090	true	false	2026-05-11T21:52:57.726140+00:00	uploaded
0014.00.02	word	m	ny3E2DZImeZm00WLGZi9	se	audio_pilot_v3/0014.00.02-word-eleven_v3-v1.mp3	https://pub-155fa287ae724688aaa870d99135311a.r2.dev/audio_pilot_v3/0014.00.02-word-eleven_v3-v1.mp3	1	f78f113338fcb49f8fb4aa2a7487f876	Se	1.0000	0.0000	pass	1	0.00000	short-input phonetic check (dist=0.00, thresh=0.40)	7.040	-20.920	-1.490	false	true	2026-05-11T21:52:57.726140+00:00	uploaded
0015.00.01	word	m	xNGAXaCH8MaasNuo7Hr7	seu	audio_pilot_v3/0015.00.01-word-eleven_v3-v1.mp3	https://pub-155fa287ae724688aaa870d99135311a.r2.dev/audio_pilot_v3/0015.00.01-word-eleven_v3-v1.mp3	1	72d5367b21ac00acf9a6975d4b568327	seu	1.0000	0.0000	pass	1	0.00000	short-input phonetic check (dist=0.00, thresh=0.40)	0.590	-16.930	-1.920	true	false	2026-05-11T21:52:57.726140+00:00	uploaded
0014.00.03	word	m	4r3G9XKliGgVZLKMgjik	se	audio_pilot_v3/0014.00.03-word-eleven_v3-v1.mp3	https://pub-155fa287ae724688aaa870d99135311a.r2.dev/audio_pilot_v3/0014.00.03-word-eleven_v3-v1.mp3	1	71a10f4d2c79a26ce56247847410172b	se	1.0000	0.0000	pass	1	0.00000	short-input phonetic check (dist=0.00, thresh=0.40)	-0.170	-16.670	-1.780	true	true	2026-05-11T21:52:57.726140+00:00	uploaded
0014.00.03	example	m	4r3G9XKliGgVZLKMgjik	Se chover amanhã, não vamos à praia.	audio_pilot_v3/0014.00.03-ex-eleven_v3-v1.mp3	https://pub-155fa287ae724688aaa870d99135311a.r2.dev/audio_pilot_v3/0014.00.03-ex-eleven_v3-v1.mp3	1	6dc559b305a05fbaac83d2f18164c9f5	Se chover amanhã, não vamos à praia.	1.0000	0.0000	pass	1	0.00000		-1.900	-16.270	-3.830	true	false	2026-05-11T21:52:57.726140+00:00	uploaded
0015.00.01	example	m	xNGAXaCH8MaasNuo7Hr7	Seu livro está na mesa.	audio_pilot_v3/0015.00.01-ex-eleven_v3-v1.mp3	https://pub-155fa287ae724688aaa870d99135311a.r2.dev/audio_pilot_v3/0015.00.01-ex-eleven_v3-v1.mp3	1	0619ae6180f97144df8d0286eeead3f8	Seu livro está na mesa.	1.0000	0.0000	pass	1	0.00000		-4.480	-16.460	-5.570	true	false	2026-05-11T21:52:57.726140+00:00	uploaded
0016.00.01	example	m	xNGAXaCH8MaasNuo7Hr7	Como você vai para o trabalho?	audio_pilot_v3/0016.00.01-ex-eleven_v3-v1.mp3	https://pub-155fa287ae724688aaa870d99135311a.r2.dev/audio_pilot_v3/0016.00.01-ex-eleven_v3-v1.mp3	1	7bdd82d8d9881fbcf5470353bb8dbdb8	Como você vai para o trabalho?	1.0000	0.0000	pass	1	0.00000		-2.550	-16.200	-3.240	true	false	2026-05-11T21:52:57.726140+00:00	uploaded
0016.00.02	example	m	wxoDdfPKBuna5KnUEotz	Ela canta como um pássaro.	audio_pilot_v3/0016.00.02-ex-eleven_v3-v1.mp3	https://pub-155fa287ae724688aaa870d99135311a.r2.dev/audio_pilot_v3/0016.00.02-ex-eleven_v3-v1.mp3	1	4c341281d78d8f89a2f5a2faedf70167	Ela canta como um pássaro.	1.0000	0.0000	pass	1	0.00000		-0.960	-16.170	-2.130	true	false	2026-05-11T21:52:57.726140+00:00	uploaded
0016.00.01	word	m	xNGAXaCH8MaasNuo7Hr7	como	audio_pilot_v3/0016.00.01-word-eleven_v3-v1.mp3	https://pub-155fa287ae724688aaa870d99135311a.r2.dev/audio_pilot_v3/0016.00.01-word-eleven_v3-v1.mp3	1	183a2171760c0ef71e62e0e4b4eb79cd	Como	1.0000	0.0000	pass	2	0.00000	biased+unbiased agreed	-1.220	-16.070	-3.410	true	false	2026-05-11T21:52:57.726140+00:00	uploaded
0016.00.02	word	m	wxoDdfPKBuna5KnUEotz	como	audio_pilot_v3/0016.00.02-word-eleven_v3-v1.mp3	https://pub-155fa287ae724688aaa870d99135311a.r2.dev/audio_pilot_v3/0016.00.02-word-eleven_v3-v1.mp3	1	6797fa64e4b7b5e9ca96c734d9f2160f	Como.	1.0000	0.0000	pass	2	0.00000	biased+unbiased agreed	0.320	-18.490	-1.500	false	true	2026-05-11T21:52:57.726140+00:00	uploaded
0016.00.03	example	m	4r3G9XKliGgVZLKMgjik	Ele trabalha como professor na escola.	audio_pilot_v3/0016.00.03-ex-eleven_v3-v1.mp3	https://pub-155fa287ae724688aaa870d99135311a.r2.dev/audio_pilot_v3/0016.00.03-ex-eleven_v3-v1.mp3	1	059a8d3f2b0a4289930eef1f804a4702	Ele trabalha como professor na escola.	1.0000	0.0000	pass	1	0.00000		-1.040	-16.490	-1.800	true	false	2026-05-11T21:52:57.726140+00:00	uploaded
0016.00.03	word	m	4r3G9XKliGgVZLKMgjik	como	audio_pilot_v3/0016.00.03-word-eleven_v3-v1.mp3	https://pub-155fa287ae724688aaa870d99135311a.r2.dev/audio_pilot_v3/0016.00.03-word-eleven_v3-v1.mp3	1	e3958136fc2f3ffb22992eeba4aab9f6	Como.	1.0000	0.0000	pass	2	0.00000	biased+unbiased agreed	-0.600	-21.370	-1.500	false	true	2026-05-11T21:52:57.726140+00:00	uploaded
0014.00.02	example	m	ny3E2DZImeZm00WLGZi9	Aqui se fala português.	audio_pilot_v3/0014.00.02-ex-eleven_v3-v1.mp3	https://pub-155fa287ae724688aaa870d99135311a.r2.dev/audio_pilot_v3/0014.00.02-ex-eleven_v3-v1.mp3	1	8c94d25af81b207fe8084000d8c7a267	Aqui se fala português.	1.0000	0.0000	pass	1	0.00000		-0.830	-17.520	-1.580	false	true	2026-05-11T21:52:57.726140+00:00	uploaded
0017.00.01	example	f	m151rjrbWXbBqyq56tly	Ela está cansada depois do trabalho.	audio_pilot_v3/0017.00.01-ex-eleven_v3-v1.mp3	https://pub-155fa287ae724688aaa870d99135311a.r2.dev/audio_pilot_v3/0017.00.01-ex-eleven_v3-v1.mp3	1	4a7140b927ba842e926b02fb8486676e	Ela está cansada depois do trabalho.	1.0000	0.0000	pass	1	0.00000		-1.120	-16.310	-1.770	true	true	2026-05-11T21:52:57.726140+00:00	uploaded
0018.00.01	example	m	qPfM2laM0pRL4rrZtBGl	Ela quer mais café.	audio_pilot_v3/0018.00.01-ex-eleven_v3-v1.mp3	https://pub-155fa287ae724688aaa870d99135311a.r2.dev/audio_pilot_v3/0018.00.01-ex-eleven_v3-v1.mp3	1	98cf155d45b11152e299c6e34a3e1e4b	Ela quer mais café.	1.0000	0.0000	pass	1	0.00000		-0.820	-16.910	-1.530	true	true	2026-05-11T21:52:57.726140+00:00	uploaded
0017.00.01	word	f	m151rjrbWXbBqyq56tly	estar	audio_pilot_v3/0017.00.01-word-eleven_v3-v1.mp3	https://pub-155fa287ae724688aaa870d99135311a.r2.dev/audio_pilot_v3/0017.00.01-word-eleven_v3-v1.mp3	1	160c77f9778715abab5c855c8423fa18	Estar.	1.0000	0.0000	pass	2	0.00000	biased+unbiased agreed	0.120	-16.840	-1.760	true	true	2026-05-11T21:52:57.726140+00:00	uploaded
0018.00.01	word	m	qPfM2laM0pRL4rrZtBGl	mais	audio_pilot_v3/0018.00.01-word-eleven_v3-v1.mp3	https://pub-155fa287ae724688aaa870d99135311a.r2.dev/audio_pilot_v3/0018.00.01-word-eleven_v3-v1.mp3	1	0a8e199b9c37d063176d532e748062db	Mais.	1.0000	0.0000	pass	2	0.00000	biased+unbiased agreed	1.650	-21.510	-1.500	false	true	2026-05-11T21:52:57.726140+00:00	uploaded
0019.00.01	word	f	m151rjrbWXbBqyq56tly	mas	audio_pilot_v3/0019.00.01-word-eleven_v3-v1.mp3	https://pub-155fa287ae724688aaa870d99135311a.r2.dev/audio_pilot_v3/0019.00.01-word-eleven_v3-v1.mp3	1	ba4aba073bdcaae7f8b75e3fbe9c54de	mas	1.0000	0.0000	pass	1	0.00000	short-input phonetic check (dist=0.00, thresh=0.40)	-2.910	-16.970	-3.450	true	false	2026-05-11T21:52:57.726140+00:00	uploaded
0019.00.01	example	f	m151rjrbWXbBqyq56tly	Eu gosto de café, mas prefiro chá.	audio_pilot_v3/0019.00.01-ex-eleven_v3-v1.mp3	https://pub-155fa287ae724688aaa870d99135311a.r2.dev/audio_pilot_v3/0019.00.01-ex-eleven_v3-v1.mp3	1	f485db1a0781b8a9d350841d8f60ace8	Eu gosto de café, mas prefiro chá.	1.0000	0.0000	pass	1	0.00000		-1.260	-16.260	-1.920	true	false	2026-05-11T21:52:57.726140+00:00	uploaded
0020.00.01	word	m	qPfM2laM0pRL4rrZtBGl	fazer	audio_pilot_v3/0020.00.01-word-eleven_v3-v1.mp3	https://pub-155fa287ae724688aaa870d99135311a.r2.dev/audio_pilot_v3/0020.00.01-word-eleven_v3-v1.mp3	1	b9243194e4e60c91a169f40d41c9910b	Fazer.	1.0000	0.0000	pass	2	0.00000	biased+unbiased agreed	0.780	-18.910	-1.500	false	true	2026-05-11T21:52:57.726140+00:00	uploaded
0021.00.01	example	f	Rw38T6bn0lTNOb1aUevR	Posso ajudar você com isso?	audio_pilot_v3/0021.00.01-ex-eleven_v3-v1.mp3	https://pub-155fa287ae724688aaa870d99135311a.r2.dev/audio_pilot_v3/0021.00.01-ex-eleven_v3-v1.mp3	1	73c71253b0ea0da3bff91f52cded52fd	Posso ajudar você com isso?	1.0000	0.0000	pass	1	0.00000		-1.190	-16.250	-2.520	true	false	2026-05-11T21:52:57.726140+00:00	uploaded
0020.00.01	example	m	qPfM2laM0pRL4rrZtBGl	Vou fazer o dever de casa agora.	audio_pilot_v3/0020.00.01-ex-eleven_v3-v1.mp3	https://pub-155fa287ae724688aaa870d99135311a.r2.dev/audio_pilot_v3/0020.00.01-ex-eleven_v3-v1.mp3	1	5a3452bcc2cb9e9e323c7930c0dd5687	Vou fazer o dever de casa agora.	1.0000	0.0000	pass	1	0.00000		-0.110	-16.860	-1.490	true	true	2026-05-11T21:52:57.726140+00:00	uploaded
0023.00.01	word	f	Rw38T6bn0lTNOb1aUevR	ou	audio_pilot_v3/0023.00.01-word-eleven_v3-v1.mp3	https://pub-155fa287ae724688aaa870d99135311a.r2.dev/audio_pilot_v3/0023.00.01-word-eleven_v3-v1.mp3	1	b58b63ad67ca4539bcb95cfb5ee34e17	ou	1.0000	0.0000	pass	1	0.00000	short-input phonetic check (dist=0.00, thresh=0.40)	-0.470	-16.420	-1.760	true	true	2026-05-11T21:52:57.726140+00:00	uploaded
0021.00.01	word	f	Rw38T6bn0lTNOb1aUevR	poder	audio_pilot_v3/0021.00.01-word-eleven_v3-v1.mp3	https://pub-155fa287ae724688aaa870d99135311a.r2.dev/audio_pilot_v3/0021.00.01-word-eleven_v3-v1.mp3	1	84a11713ec4d229866cfb11dd06b2412	Poder.	1.0000	0.0000	pass	2	0.00000	biased+unbiased agreed	0.210	-17.530	-1.500	false	true	2026-05-11T21:52:57.726140+00:00	uploaded
0022.00.01	example	m	xNGAXaCH8MaasNuo7Hr7	Este livro é muito interessante.	audio_pilot_v3/0022.00.01-ex-eleven_v3-v1.mp3	https://pub-155fa287ae724688aaa870d99135311a.r2.dev/audio_pilot_v3/0022.00.01-ex-eleven_v3-v1.mp3	1	715066ebc053d1ebca1061e7f4a2e950	Este livro é muito interessante.	1.0000	0.0000	pass	1	0.00000		-1.650	-16.260	-2.830	true	false	2026-05-11T21:52:57.726140+00:00	uploaded
0023.00.01	example	f	Rw38T6bn0lTNOb1aUevR	Você quer café ou chá?	audio_pilot_v3/0023.00.01-ex-eleven_v3-v1.mp3	https://pub-155fa287ae724688aaa870d99135311a.r2.dev/audio_pilot_v3/0023.00.01-ex-eleven_v3-v1.mp3	1	261eeda605c87f6883d9179e3aa36d6b	Você quer café ou chá?	1.0000	0.0000	pass	1	0.00000		-1.430	-16.270	-2.110	true	false	2026-05-11T21:52:57.726140+00:00	uploaded
0022.00.01	word	m	xNGAXaCH8MaasNuo7Hr7	este	audio_pilot_v3/0022.00.01-word-eleven_v3-v1.mp3	https://pub-155fa287ae724688aaa870d99135311a.r2.dev/audio_pilot_v3/0022.00.01-word-eleven_v3-v1.mp3	1	b50aeffc5916a8e8f88ff4fcc5f5924d	Este	1.0000	0.0000	pass	2	0.00000	biased+unbiased agreed	2.850	-16.800	-1.760	true	true	2026-05-11T21:52:57.726140+00:00	uploaded
0024.00.01	word	m	wxoDdfPKBuna5KnUEotz	ele	audio_pilot_v3/0024.00.01-word-eleven_v3-v1.mp3	https://pub-155fa287ae724688aaa870d99135311a.r2.dev/audio_pilot_v3/0024.00.01-word-eleven_v3-v1.mp3	1	ba7c17b0d29307f81da0042d0f05edd7	ele	1.0000	0.0000	pass	1	0.00000	short-input phonetic check (dist=0.00, thresh=0.40)	3.200	-20.320	-1.420	false	true	2026-05-11T21:52:57.726140+00:00	uploaded
0024.00.02	word	m	ny3E2DZImeZm00WLGZi9	ele	audio_pilot_v3/0024.00.02-word-eleven_v3-v1.mp3	https://pub-155fa287ae724688aaa870d99135311a.r2.dev/audio_pilot_v3/0024.00.02-word-eleven_v3-v1.mp3	1	3ef11804658b53853cdfa602f4f1a43e	ele	1.0000	0.0000	pass	1	0.00000	short-input phonetic check (dist=0.00, thresh=0.40)	10.120	-21.920	-1.490	false	true	2026-05-11T21:52:57.726140+00:00	uploaded
0024.00.01	example	m	wxoDdfPKBuna5KnUEotz	Ele mora em São Paulo com a família.	audio_pilot_v3/0024.00.01-ex-eleven_v3-v1.mp3	https://pub-155fa287ae724688aaa870d99135311a.r2.dev/audio_pilot_v3/0024.00.01-ex-eleven_v3-v1.mp3	1	e1dd4271e6af9db2ca1ee0795ba91d74	Ele mora em São Paulo com a família.	1.0000	0.0000	pass	1	0.00000		-2.140	-16.170	-2.940	true	false	2026-05-11T21:52:57.726140+00:00	uploaded
0025.00.01	example	f	m151rjrbWXbBqyq56tly	Esse livro é muito interessante.	audio_pilot_v3/0025.00.01-ex-eleven_v3-v1.mp3	https://pub-155fa287ae724688aaa870d99135311a.r2.dev/audio_pilot_v3/0025.00.01-ex-eleven_v3-v1.mp3	1	216c7c82d6a08a09315e2b85aaaa8b22	Esse livro é muito interessante.	1.0000	0.0000	pass	1	0.00000		0.560	-16.270	-2.660	true	false	2026-05-11T21:52:57.726140+00:00	uploaded
0024.00.02	example	m	ny3E2DZImeZm00WLGZi9	Eu vi ele na festa ontem à noite.	audio_pilot_v3/0024.00.02-ex-eleven_v3-v1.mp3	https://pub-155fa287ae724688aaa870d99135311a.r2.dev/audio_pilot_v3/0024.00.02-ex-eleven_v3-v1.mp3	1	4ee812ea93444b02c7e94a9785e12ebf	Eu vi ele na festa ontem à noite.	1.0000	0.0000	pass	1	0.00000		-0.910	-16.240	-1.780	true	false	2026-05-11T21:52:57.726140+00:00	uploaded
0026.00.01	example	m	qPfM2laM0pRL4rrZtBGl	Vou tentar outra vez amanhã.	audio_pilot_v3/0026.00.01-ex-eleven_v3-v1.mp3	https://pub-155fa287ae724688aaa870d99135311a.r2.dev/audio_pilot_v3/0026.00.01-ex-eleven_v3-v1.mp3	1	153324da509a28022477e813d2e13348	Vou tentar outra vez amanhã.	1.0000	0.0000	pass	1	0.00000		2.150	-16.300	-2.030	true	false	2026-05-11T21:52:57.726140+00:00	uploaded
0027.00.01	example	f	m151rjrbWXbBqyq56tly	Ela está muito cansada hoje.	audio_pilot_v3/0027.00.01-ex-eleven_v3-v1.mp3	https://pub-155fa287ae724688aaa870d99135311a.r2.dev/audio_pilot_v3/0027.00.01-ex-eleven_v3-v1.mp3	1	9883d72c6e2df5a743b76033f058c2c5	Ela está muito cansada hoje.	1.0000	0.0000	pass	1	0.00000		-1.180	-16.490	-1.770	true	true	2026-05-11T21:52:57.726140+00:00	uploaded
0026.00.01	word	m	qPfM2laM0pRL4rrZtBGl	outro	audio_pilot_v3/0026.00.01-word-eleven_v3-v1.mp3	https://pub-155fa287ae724688aaa870d99135311a.r2.dev/audio_pilot_v3/0026.00.01-word-eleven_v3-v1.mp3	1	6451ab1bc53b0a235cff8f7470ae8c59	Outro.	1.0000	0.0000	pass	2	0.00000	biased+unbiased agreed	4.270	-15.690	-2.530	true	false	2026-05-11T21:52:57.726140+00:00	uploaded
0025.00.01	word	f	m151rjrbWXbBqyq56tly	esse	audio_pilot_v3/0025.00.01-word-eleven_v3-v1.mp3	https://pub-155fa287ae724688aaa870d99135311a.r2.dev/audio_pilot_v3/0025.00.01-word-eleven_v3-v1.mp3	1	42bb5526125ed51e19500963a35cfba9	Esse.	1.0000	0.0000	pass	2	0.00000	biased+unbiased agreed	1.090	-18.120	-1.500	false	true	2026-05-11T21:52:57.726140+00:00	uploaded
0028.00.01	example	f	Rw38T6bn0lTNOb1aUevR	Há muitos alunos na sala de aula hoje.	audio_pilot_v3/0028.00.01-ex-eleven_v3-v1.mp3	https://pub-155fa287ae724688aaa870d99135311a.r2.dev/audio_pilot_v3/0028.00.01-ex-eleven_v3-v1.mp3	1	f32d3542790d5501e2409c8229cfe91a	Há muitos alunos na sala de aula hoje.	1.0000	0.0000	pass	1	0.00000		-2.600	-16.240	-3.390	true	false	2026-05-11T21:52:57.726140+00:00	uploaded
0029.00.01	word	f	m151rjrbWXbBqyq56tly	ir	audio_pilot_v3/0029.00.01-word-eleven_v3-v1.mp3	https://pub-155fa287ae724688aaa870d99135311a.r2.dev/audio_pilot_v3/0029.00.01-word-eleven_v3-v1.mp3	1	89abf94b19f60abd038c5e0458989675	Ir	1.0000	0.0000	pass	1	0.00000	short-input phonetic check (dist=0.00, thresh=0.40)	5.660	-16.010	-1.770	true	true	2026-05-11T21:52:57.726140+00:00	uploaded
0028.00.01	word	f	Rw38T6bn0lTNOb1aUevR	haver	audio_pilot_v3/0028.00.01-word-eleven_v3-v1.mp3	https://pub-155fa287ae724688aaa870d99135311a.r2.dev/audio_pilot_v3/0028.00.01-word-eleven_v3-v1.mp3	1	049e37d0138b97c824668e282b31a713	Aver.	0.8000	0.0000	regen	2	0.00000	unbiased cross-check disagreed with biased	0.160	-16.360	-1.760	true	true	2026-05-11T21:52:57.726140+00:00	uploaded
0027.00.01	word	f	m151rjrbWXbBqyq56tly	muito	audio_pilot_v3/0027.00.01-word-eleven_v3-v1.mp3	https://pub-155fa287ae724688aaa870d99135311a.r2.dev/audio_pilot_v3/0027.00.01-word-eleven_v3-v1.mp3	1	d9bfa36fa81535117d4ea91deddbd01a	Muito	1.0000	0.0000	pass	2	0.00000	biased+unbiased agreed	-0.320	-17.020	-1.510	false	true	2026-05-11T21:52:57.726140+00:00	uploaded
0029.00.01	example	f	m151rjrbWXbBqyq56tly	Vou ao mercado comprar frutas.	audio_pilot_v3/0029.00.01-ex-eleven_v3-v1.mp3	https://pub-155fa287ae724688aaa870d99135311a.r2.dev/audio_pilot_v3/0029.00.01-ex-eleven_v3-v1.mp3	1	6b1339c678f945a32521c405c2a384fd	Vou ao mercado comprar frutas.	1.0000	0.0000	pass	1	0.00000		-2.190	-16.150	-2.850	true	false	2026-05-11T21:52:57.726140+00:00	uploaded
0030.00.01	example	m	wxoDdfPKBuna5KnUEotz	Todo aluno precisa estudar para a prova.	audio_pilot_v3/0030.00.01-ex-eleven_v3-v1.mp3	https://pub-155fa287ae724688aaa870d99135311a.r2.dev/audio_pilot_v3/0030.00.01-ex-eleven_v3-v1.mp3	1	4218636cde5c61146875e05c994dfb2a	Todo aluno precisa estudar para a prova.	1.0000	0.0000	pass	1	0.00000		-0.920	-16.370	-1.770	true	true	2026-05-11T21:52:57.726140+00:00	uploaded
0032.00.01	word	m	AaeZyyi87RCxtFnHPS3e	já	audio_pilot_v3/0032.00.01-word-eleven_v3-v1.mp3	https://pub-155fa287ae724688aaa870d99135311a.r2.dev/audio_pilot_v3/0032.00.01-word-eleven_v3-v1.mp3	1	d022074bee075c7ff9bf3a921d306bdd	já	1.0000	0.0000	pass	1	0.00000	short-input phonetic check (dist=0.00, thresh=0.40)	-0.630	-18.310	-1.490	false	true	2026-05-11T21:52:57.726140+00:00	uploaded
0032.00.01	example	m	AaeZyyi87RCxtFnHPS3e	Eu já terminei o trabalho de casa.	audio_pilot_v3/0032.00.01-ex-eleven_v3-v1.mp3	https://pub-155fa287ae724688aaa870d99135311a.r2.dev/audio_pilot_v3/0032.00.01-ex-eleven_v3-v1.mp3	1	d0ac478cc512dcba4530e8d63355e3e6	Eu já terminei o trabalho de casa.	1.0000	0.0000	pass	1	0.00000		-2.560	-16.230	-3.880	true	false	2026-05-11T21:52:57.726140+00:00	uploaded
0030.00.01	word	m	wxoDdfPKBuna5KnUEotz	todo	audio_pilot_v3/0030.00.01-word-eleven_v3-v1.mp3	https://pub-155fa287ae724688aaa870d99135311a.r2.dev/audio_pilot_v3/0030.00.01-word-eleven_v3-v1.mp3	1	7528218bd63cd17b7a82d4badcdfe32e	Todo.	1.0000	0.0000	pass	2	0.00000	biased+unbiased agreed	-0.440	-18.120	-1.500	false	true	2026-05-11T21:52:57.726140+00:00	uploaded
0033.00.01	example	m	4r3G9XKliGgVZLKMgjik	Ela sempre diz a verdade.	audio_pilot_v3/0033.00.01-ex-eleven_v3-v1.mp3	https://pub-155fa287ae724688aaa870d99135311a.r2.dev/audio_pilot_v3/0033.00.01-ex-eleven_v3-v1.mp3	1	570b309f5daa6fb60e8ba3557eb1bebe	Ela sempre diz a verdade.	1.0000	0.0000	pass	1	0.00000		1.550	-17.570	-1.510	false	true	2026-05-11T21:52:57.726140+00:00	uploaded
0034.00.01	example	m	qPfM2laM0pRL4rrZtBGl	O ano tem doze meses.	audio_pilot_v3/0034.00.01-ex-eleven_v3-v1.mp3	https://pub-155fa287ae724688aaa870d99135311a.r2.dev/audio_pilot_v3/0034.00.01-ex-eleven_v3-v1.mp3	1	76e818750886b291c415a96ef4320902	O ano tem doze meses.	1.0000	0.0000	pass	1	0.00000		-0.580	-16.200	-2.080	true	false	2026-05-11T21:52:57.726140+00:00	uploaded
0034.00.01	word	m	qPfM2laM0pRL4rrZtBGl	o ano	audio_pilot_v3/0034.00.01-word-eleven_v3-v1.mp3	https://pub-155fa287ae724688aaa870d99135311a.r2.dev/audio_pilot_v3/0034.00.01-word-eleven_v3-v1.mp3	1	6c9055e37ad66bad0d581f740ef37d44	O ano.	1.0000	0.0000	pass	2	0.00000	biased+unbiased agreed	2.240	-16.990	-1.770	true	true	2026-05-11T21:52:57.726140+00:00	uploaded
0035.00.01	example	f	Rw38T6bn0lTNOb1aUevR	Vou dar um presente para minha mãe.	audio_pilot_v3/0035.00.01-ex-eleven_v3-v1.mp3	https://pub-155fa287ae724688aaa870d99135311a.r2.dev/audio_pilot_v3/0035.00.01-ex-eleven_v3-v1.mp3	1	c4e104baf6a7d9d4cc5735d8d9ef75af	Vou dar um presente para minha mãe.	1.0000	0.0000	pass	1	0.00000		-3.910	-16.230	-5.000	true	false	2026-05-11T21:52:57.726140+00:00	uploaded
0035.00.01	word	f	Rw38T6bn0lTNOb1aUevR	dar	audio_pilot_v3/0035.00.01-word-eleven_v3-v1.mp3	https://pub-155fa287ae724688aaa870d99135311a.r2.dev/audio_pilot_v3/0035.00.01-word-eleven_v3-v1.mp3	1	a8c016e63b7c188984dfb051d506d1ee	dar	1.0000	0.0000	pass	1	0.00000	short-input phonetic check (dist=0.00, thresh=0.40)	1.630	-16.850	-1.480	true	true	2026-05-11T21:52:57.726140+00:00	uploaded
0033.00.01	word	m	4r3G9XKliGgVZLKMgjik	dizer	audio_pilot_v3/0033.00.01-word-eleven_v3-v1.mp3	https://pub-155fa287ae724688aaa870d99135311a.r2.dev/audio_pilot_v3/0033.00.01-word-eleven_v3-v1.mp3	1	6e711b90d5708353c008b9af2cdaf087	Dizer.	1.0000	0.0000	pass	2	0.00000	biased+unbiased agreed	2.890	-18.300	-1.500	false	true	2026-05-11T21:52:57.726140+00:00	uploaded
0038.00.01	example	m	qPfM2laM0pRL4rrZtBGl	Nós estudamos na mesma escola.	audio_pilot_v3/0038.00.01-ex-eleven_v3-v1.mp3	https://pub-155fa287ae724688aaa870d99135311a.r2.dev/audio_pilot_v3/0038.00.01-ex-eleven_v3-v1.mp3	1	95c777b8857a3519cb38efb307d9ca06	Nós estudamos na mesma escola.	1.0000	0.0000	pass	1	0.00000		1.750	-16.210	-2.000	true	false	2026-05-11T21:52:57.726140+00:00	uploaded
0040.00.01	word	m	qPfM2laM0pRL4rrZtBGl	até	audio_pilot_v3/0040.00.01-word-eleven_v3-v1.mp3	https://pub-155fa287ae724688aaa870d99135311a.r2.dev/audio_pilot_v3/0040.00.01-word-eleven_v3-v1.mp3	1	f84cb6a66d2e84ab55167d9730746151	Até	1.0000	0.0000	pass	1	0.00000	short-input phonetic check (dist=0.00, thresh=0.40)	-0.900	-20.630	-1.520	false	true	2026-05-11T21:52:57.726140+00:00	uploaded
0038.00.01	word	m	qPfM2laM0pRL4rrZtBGl	mesmo	audio_pilot_v3/0038.00.01-word-eleven_v3-v1.mp3	https://pub-155fa287ae724688aaa870d99135311a.r2.dev/audio_pilot_v3/0038.00.01-word-eleven_v3-v1.mp3	1	2162b98f47712ef87ea1a3ca22edcf5c	Mesmo.	1.0000	0.0000	pass	2	0.00000	biased+unbiased agreed	6.700	-19.850	-1.500	false	true	2026-05-11T21:52:57.726140+00:00	uploaded
0040.00.01	example	m	qPfM2laM0pRL4rrZtBGl	Vou trabalhar até as cinco horas.	audio_pilot_v3/0040.00.01-ex-eleven_v3-v1.mp3	https://pub-155fa287ae724688aaa870d99135311a.r2.dev/audio_pilot_v3/0040.00.01-ex-eleven_v3-v1.mp3	1	75ee817853f9136568860355868fb458	Vou trabalhar até às cinco horas.	1.0000	0.0270	pass	1	0.00000		-0.740	-16.260	-1.840	true	false	2026-05-11T21:52:57.726140+00:00	uploaded
0040.00.02	word	f	Rw38T6bn0lTNOb1aUevR	até	audio_pilot_v3/0040.00.02-word-eleven_v3-v1.mp3	https://pub-155fa287ae724688aaa870d99135311a.r2.dev/audio_pilot_v3/0040.00.02-word-eleven_v3-v1.mp3	1	e2f3541e3d0ddf065ec2d8fc3f5bc02e	até	1.0000	0.0000	pass	1	0.00000	short-input phonetic check (dist=0.00, thresh=0.40)	-0.760	-18.860	-1.490	false	true	2026-05-11T21:52:57.726140+00:00	uploaded
0040.00.02	example	f	Rw38T6bn0lTNOb1aUevR	Até meu irmão mais novo conseguiu resolver o problema.	audio_pilot_v3/0040.00.02-ex-eleven_v3-v1.mp3	https://pub-155fa287ae724688aaa870d99135311a.r2.dev/audio_pilot_v3/0040.00.02-ex-eleven_v3-v1.mp3	1	e8a5cb9ea23723ad1ccec45604c9c783	Até meu irmão mais novo conseguiu resolver o problema.	1.0000	0.0000	pass	1	0.00000		-2.900	-16.270	-3.530	true	false	2026-05-11T21:52:57.726140+00:00	uploaded
0042.00.01	example	m	qPfM2laM0pRL4rrZtBGl	Minha mãe ainda mora na mesma casa.	audio_pilot_v3/0042.00.01-ex-eleven_v3-v1.mp3	https://pub-155fa287ae724688aaa870d99135311a.r2.dev/audio_pilot_v3/0042.00.01-ex-eleven_v3-v1.mp3	1	dd379ed1669ef1f1690246335117f95a	Minha mãe ainda mora na mesma casa.	1.0000	0.0000	pass	1	0.00000		1.550	-16.850	-1.500	true	true	2026-05-11T21:52:57.726140+00:00	uploaded
0043.00.01	word	m	qPfM2laM0pRL4rrZtBGl	isso	audio_pilot_v3/0043.00.01-word-eleven_v3-v1.mp3	https://pub-155fa287ae724688aaa870d99135311a.r2.dev/audio_pilot_v3/0043.00.01-word-eleven_v3-v1.mp3	1	89bf6cf62fad181a4cb44e5c936c4609	Isso.	1.0000	0.0000	pass	2	0.00000	biased+unbiased agreed	9.140	-15.990	-2.860	true	false	2026-05-11T21:52:57.726140+00:00	uploaded
0042.00.01	word	m	qPfM2laM0pRL4rrZtBGl	ainda	audio_pilot_v3/0042.00.01-word-eleven_v3-v1.mp3	https://pub-155fa287ae724688aaa870d99135311a.r2.dev/audio_pilot_v3/0042.00.01-word-eleven_v3-v1.mp3	1	617260765cb153aac91a3082680e3056	Ainda.	1.0000	0.0000	pass	2	0.00000	biased+unbiased agreed	4.250	-21.360	-1.490	false	true	2026-05-11T21:52:57.726140+00:00	uploaded
0043.00.01	example	m	qPfM2laM0pRL4rrZtBGl	Isso é muito importante para mim.	audio_pilot_v3/0043.00.01-ex-eleven_v3-v1.mp3	https://pub-155fa287ae724688aaa870d99135311a.r2.dev/audio_pilot_v3/0043.00.01-ex-eleven_v3-v1.mp3	1	9df19a39a0ebed68e850065e3b22fd95	Isso é muito importante para mim.	1.0000	0.0000	pass	1	0.00000		-0.010	-19.410	-1.500	false	true	2026-05-11T21:52:57.726140+00:00	uploaded
0044.00.01	example	m	xNGAXaCH8MaasNuo7Hr7	Minha casa é grande e tem três quartos.	audio_pilot_v3/0044.00.01-ex-eleven_v3-v1.mp3	https://pub-155fa287ae724688aaa870d99135311a.r2.dev/audio_pilot_v3/0044.00.01-ex-eleven_v3-v1.mp3	1	8421ed8c0e0f6b4fb929d4de98194420	Minha casa é grande e tem três quartos.	1.0000	0.0000	pass	1	0.00000		-2.110	-16.230	-2.760	true	false	2026-05-11T21:52:57.726140+00:00	uploaded
0044.00.01	word	m	xNGAXaCH8MaasNuo7Hr7	grande	audio_pilot_v3/0044.00.01-word-eleven_v3-v1.mp3	https://pub-155fa287ae724688aaa870d99135311a.r2.dev/audio_pilot_v3/0044.00.01-word-eleven_v3-v1.mp3	1	3daf0e9f767bdd56a19862e2ca61ebc3	Grande.	1.0000	0.0000	pass	2	0.00000	biased+unbiased agreed	-3.970	-16.810	-4.520	true	false	2026-05-11T21:52:57.726140+00:00	uploaded
0045.00.01	example	m	xNGAXaCH8MaasNuo7Hr7	Visitei minha avó três vezes este mês.	audio_pilot_v3/0045.00.01-ex-eleven_v3-v1.mp3	https://pub-155fa287ae724688aaa870d99135311a.r2.dev/audio_pilot_v3/0045.00.01-ex-eleven_v3-v1.mp3	1	0355ebf3af13eac402e3a9dfcce6fce2	Visitei minha avó três vezes este mês.	1.0000	0.0000	pass	1	0.00000		-2.320	-16.380	-3.270	true	false	2026-05-11T21:52:57.726140+00:00	uploaded
0045.00.01	word	m	xNGAXaCH8MaasNuo7Hr7	a vez	audio_pilot_v3/0045.00.01-word-eleven_v3-v1.mp3	https://pub-155fa287ae724688aaa870d99135311a.r2.dev/audio_pilot_v3/0045.00.01-word-eleven_v3-v1.mp3	1	a5a98ac110dd0c2c1ed41f06aa24c477	Às vezes	0.6250	0.4000	regen	2	0.00000	unbiased cross-check disagreed with biased	3.150	-16.850	-1.490	true	true	2026-05-11T21:52:57.726140+00:00	uploaded
0047.00.01	example	m	AaeZyyi87RCxtFnHPS3e	Ela mora no Rio de Janeiro com a família.	audio_pilot_v3/0047.00.01-ex-eleven_v3-v1.mp3	https://pub-155fa287ae724688aaa870d99135311a.r2.dev/audio_pilot_v3/0047.00.01-ex-eleven_v3-v1.mp3	1	7d57aa2d3f6c42596d260363b93dac3e	Ela mora no Rio de Janeiro com a família.	1.0000	0.0000	pass	1	0.00000		-3.190	-16.270	-4.250	true	false	2026-05-11T21:52:57.726140+00:00	uploaded
0047.00.01	word	m	AaeZyyi87RCxtFnHPS3e	ela	audio_pilot_v3/0047.00.01-word-eleven_v3-v1.mp3	https://pub-155fa287ae724688aaa870d99135311a.r2.dev/audio_pilot_v3/0047.00.01-word-eleven_v3-v1.mp3	1	826cefc781d1fa4ad7c8c43f2e924c65	Ela	1.0000	0.0000	pass	1	0.00000	short-input phonetic check (dist=0.00, thresh=0.40)	-0.220	-17.540	-1.500	false	true	2026-05-11T21:52:57.726140+00:00	uploaded
0048.00.01	example	m	4r3G9XKliGgVZLKMgjik	Vou ao supermercado depois do trabalho.	audio_pilot_v3/0048.00.01-ex-eleven_v3-v1.mp3	https://pub-155fa287ae724688aaa870d99135311a.r2.dev/audio_pilot_v3/0048.00.01-ex-eleven_v3-v1.mp3	1	2a5159a90d25c04a12ee9812352a7587	Vou ao supermercado depois do trabalho.	1.0000	0.0000	pass	1	0.00000		-0.690	-17.140	-1.490	false	true	2026-05-11T21:52:57.726140+00:00	uploaded
0050.00.01	example	f	Rw38T6bn0lTNOb1aUevR	Hoje é um dia muito bonito.	audio_pilot_v3/0050.00.01-ex-eleven_v3-v1.mp3	https://pub-155fa287ae724688aaa870d99135311a.r2.dev/audio_pilot_v3/0050.00.01-ex-eleven_v3-v1.mp3	1	d30d967b6f60246ca8038f2bb56ba7c3	Hoje é um dia muito bonito.	1.0000	0.0000	pass	1	0.00000		-3.030	-16.220	-4.440	true	false	2026-05-11T21:52:57.726140+00:00	uploaded
0051.00.02	word	f	Rw38T6bn0lTNOb1aUevR	só	audio_pilot_v3/0051.00.02-word-eleven_v3-v1.mp3	https://pub-155fa287ae724688aaa870d99135311a.r2.dev/audio_pilot_v3/0051.00.02-word-eleven_v3-v1.mp3	1	8355433b2acde3b5b34e8f3e341e1686	só	1.0000	0.0000	pass	1	0.00000	short-input phonetic check (dist=0.00, thresh=0.40)	0.170	-16.450	-1.770	true	true	2026-05-11T21:52:57.726140+00:00	uploaded
0050.00.01	word	f	Rw38T6bn0lTNOb1aUevR	o dia	audio_pilot_v3/0050.00.01-word-eleven_v3-v1.mp3	https://pub-155fa287ae724688aaa870d99135311a.r2.dev/audio_pilot_v3/0050.00.01-word-eleven_v3-v1.mp3	1	6de131e99dd58890ac607a05dbbec5ed	O dia.	1.0000	0.0000	pass	2	0.00000	biased+unbiased agreed	1.300	-16.090	-2.430	true	false	2026-05-11T21:52:57.726140+00:00	uploaded
0051.00.02	example	f	Rw38T6bn0lTNOb1aUevR	Ela mora só em um apartamento pequeno.	audio_pilot_v3/0051.00.02-ex-eleven_v3-v1.mp3	https://pub-155fa287ae724688aaa870d99135311a.r2.dev/audio_pilot_v3/0051.00.02-ex-eleven_v3-v1.mp3	1	10e379767c6789af2c8722b472ec90ad	Ela mora só em um apartamento pequeno.	1.0000	0.0000	pass	1	0.00000		-1.590	-16.340	-2.660	true	false	2026-05-11T21:52:57.726140+00:00	uploaded
0049.00.01	word	m	ny3E2DZImeZm00WLGZi9	entre	audio_pilot_v3/0049.00.01-word-eleven_v3-v1.mp3	https://pub-155fa287ae724688aaa870d99135311a.r2.dev/audio_pilot_v3/0049.00.01-word-eleven_v3-v1.mp3	1	ac4dbaab652454fb838f3f06ff721312	Entre.	1.0000	0.0000	pass	2	0.00000	biased+unbiased agreed	7.160	-20.950	-1.520	false	true	2026-05-11T21:52:57.726140+00:00	uploaded
0049.00.01	example	m	ny3E2DZImeZm00WLGZi9	O gato está entre o sofá e a mesa.	audio_pilot_v3/0049.00.01-ex-eleven_v3-v1.mp3	https://pub-155fa287ae724688aaa870d99135311a.r2.dev/audio_pilot_v3/0049.00.01-ex-eleven_v3-v1.mp3	1	a9f19f45f22d5e300a0a160ec0c73ee6	O gato está entre o sofá e a mesa.	1.0000	0.0000	pass	1	0.00000		0.440	-19.740	-1.490	false	true	2026-05-11T21:52:57.726140+00:00	uploaded
0048.00.01	word	m	4r3G9XKliGgVZLKMgjik	depois	audio_pilot_v3/0048.00.01-word-eleven_v3-v1.mp3	https://pub-155fa287ae724688aaa870d99135311a.r2.dev/audio_pilot_v3/0048.00.01-word-eleven_v3-v1.mp3	1	9032175d0576ca8741b63f0a917cdc2b	Depois.	1.0000	0.0000	pass	2	0.00000	biased+unbiased agreed	5.130	-19.910	-1.510	false	true	2026-05-11T21:52:57.726140+00:00	uploaded
0052.00.01	word	m	4r3G9XKliGgVZLKMgjik	aquele	audio_pilot_v3/0052.00.01-word-eleven_v3-v1.mp3	https://pub-155fa287ae724688aaa870d99135311a.r2.dev/audio_pilot_v3/0052.00.01-word-eleven_v3-v1.mp3	1	56ca76a7c537c22677f90a15377d0436	Aquele.	1.0000	0.0000	pass	2	0.00000	biased+unbiased agreed	4.080	-21.320	-1.500	false	true	2026-05-11T21:52:57.726140+00:00	uploaded
0053.00.01	word	f	Rw38T6bn0lTNOb1aUevR	sobre	audio_pilot_v3/0053.00.01-word-eleven_v3-v1.mp3	https://pub-155fa287ae724688aaa870d99135311a.r2.dev/audio_pilot_v3/0053.00.01-word-eleven_v3-v1.mp3	1	117937e5fd7e9cb8c1faf5bbf4d68b59	Sobre.	1.0000	0.0000	pass	2	0.00000	biased+unbiased agreed	-0.850	-15.910	-3.880	true	false	2026-05-11T21:52:57.726140+00:00	uploaded
0053.00.01	example	f	Rw38T6bn0lTNOb1aUevR	O livro é sobre a história do Brasil.	audio_pilot_v3/0053.00.01-ex-eleven_v3-v1.mp3	https://pub-155fa287ae724688aaa870d99135311a.r2.dev/audio_pilot_v3/0053.00.01-ex-eleven_v3-v1.mp3	1	88c5fd4671e1bdf1237b71972106fec1	O livro é sobre a história do Brasil.	1.0000	0.0000	pass	1	0.00000		-2.230	-16.310	-3.680	true	false	2026-05-11T21:52:57.726140+00:00	uploaded
0054.00.01	example	f	Rw38T6bn0lTNOb1aUevR	Ela mora no primeiro andar do prédio.	audio_pilot_v3/0054.00.01-ex-eleven_v3-v1.mp3	https://pub-155fa287ae724688aaa870d99135311a.r2.dev/audio_pilot_v3/0054.00.01-ex-eleven_v3-v1.mp3	1	68405b5ab76bf4b52cb8f0321d7c1594	Ela mora no primeiro andar do prédio.	1.0000	0.0000	pass	1	0.00000		-2.060	-16.390	-4.610	true	false	2026-05-11T21:52:57.726140+00:00	uploaded
0054.00.01	word	f	Rw38T6bn0lTNOb1aUevR	primeiro	audio_pilot_v3/0054.00.01-word-eleven_v3-v1.mp3	https://pub-155fa287ae724688aaa870d99135311a.r2.dev/audio_pilot_v3/0054.00.01-word-eleven_v3-v1.mp3	1	d616b34d9223a4834105a741df5f5a71	Primeiro.	1.0000	0.0000	pass	2	0.00000	biased+unbiased agreed	-0.970	-15.960	-3.430	true	false	2026-05-11T21:52:57.726140+00:00	uploaded
0052.00.01	example	m	4r3G9XKliGgVZLKMgjik	Aquele carro vermelho é do meu irmão.	audio_pilot_v3/0052.00.01-ex-eleven_v3-v1.mp3	https://pub-155fa287ae724688aaa870d99135311a.r2.dev/audio_pilot_v3/0052.00.01-ex-eleven_v3-v1.mp3	1	cf26a873504ae4c2b165725c31a69b3e	Aquele carro vermelho é do meu irmão.	1.0000	0.0000	pass	1	0.00000		-2.510	-16.350	-3.310	true	false	2026-05-11T21:52:57.726140+00:00	uploaded
0055.00.02	example	f	Rw38T6bn0lTNOb1aUevR	A farmácia fica perto do banco.	audio_pilot_v3/0055.00.02-ex-eleven_v3-v1.mp3	https://pub-155fa287ae724688aaa870d99135311a.r2.dev/audio_pilot_v3/0055.00.02-ex-eleven_v3-v1.mp3	1	b330051f9b35d710262aa25172fc5a36	A farmácia fica perto do banco.	1.0000	0.0000	pass	1	0.00000		-1.370	-16.250	-2.200	true	false	2026-05-11T21:52:57.726140+00:00	uploaded
0055.00.01	word	m	4r3G9XKliGgVZLKMgjik	ficar	audio_pilot_v3/0055.00.01-word-eleven_v3-v1.mp3	https://pub-155fa287ae724688aaa870d99135311a.r2.dev/audio_pilot_v3/0055.00.01-word-eleven_v3-v1.mp3	1	7a369154df0a8c41082fd185f0eb717b	Ficar.	1.0000	0.0000	pass	2	0.00000	biased+unbiased agreed	2.870	-20.300	-1.500	false	true	2026-05-11T21:52:57.726140+00:00	uploaded
0055.00.01	example	m	4r3G9XKliGgVZLKMgjik	Vou ficar em casa hoje porque estou cansado.	audio_pilot_v3/0055.00.01-ex-eleven_v3-v1.mp3	https://pub-155fa287ae724688aaa870d99135311a.r2.dev/audio_pilot_v3/0055.00.01-ex-eleven_v3-v1.mp3	1	76c024a8cccc5f3807d14a4b3aac9d0a	Vou ficar em casa hoje porque estou cansado.	1.0000	0.0000	pass	1	0.00000		0.410	-17.420	-1.490	false	true	2026-05-11T21:52:57.726140+00:00	uploaded
0055.00.02	word	f	Rw38T6bn0lTNOb1aUevR	ficar	audio_pilot_v3/0055.00.02-word-eleven_v3-v1.mp3	https://pub-155fa287ae724688aaa870d99135311a.r2.dev/audio_pilot_v3/0055.00.02-word-eleven_v3-v1.mp3	1	873a31142a005ddae08fd81de7ac7f16	Ficar.	1.0000	0.0000	pass	2	0.00000	biased+unbiased agreed	1.430	-17.330	-1.520	false	true	2026-05-11T21:52:57.726140+00:00	uploaded
0058.00.01	word	m	xNGAXaCH8MaasNuo7Hr7	saber	audio_pilot_v3/0058.00.01-word-eleven_v3-v1.mp3	https://pub-155fa287ae724688aaa870d99135311a.r2.dev/audio_pilot_v3/0058.00.01-word-eleven_v3-v1.mp3	1	251ed26c82186b2e7d49721d5f034d57	Saber.	1.0000	0.0000	pass	2	0.00000	biased+unbiased agreed	1.470	-16.020	-2.970	true	false	2026-05-11T21:52:57.726140+00:00	uploaded
0058.00.01	example	m	xNGAXaCH8MaasNuo7Hr7	Eu sei onde fica a estação de trem.	audio_pilot_v3/0058.00.01-ex-eleven_v3-v1.mp3	https://pub-155fa287ae724688aaa870d99135311a.r2.dev/audio_pilot_v3/0058.00.01-ex-eleven_v3-v1.mp3	1	8ba28af974ac1dfaa5aaf6624b3933b9	Eu sei onde fica a estação de trem.	1.0000	0.0000	pass	1	0.00000		-0.550	-16.250	-2.790	true	false	2026-05-11T21:52:57.726140+00:00	uploaded
0059.00.01	word	m	wxoDdfPKBuna5KnUEotz	assim	audio_pilot_v3/0059.00.01-word-eleven_v3-v1.mp3	https://pub-155fa287ae724688aaa870d99135311a.r2.dev/audio_pilot_v3/0059.00.01-word-eleven_v3-v1.mp3	1	72245da6fda0f575a0c52609a41d09bf	Assim.	1.0000	0.0000	pass	2	0.00000	biased+unbiased agreed	0.390	-17.310	-1.500	false	true	2026-05-11T21:52:57.726140+00:00	uploaded
0060.00.01	example	m	ny3E2DZImeZm00WLGZi9	Eu quero aprender português.	audio_pilot_v3/0060.00.01-ex-eleven_v3-v1.mp3	https://pub-155fa287ae724688aaa870d99135311a.r2.dev/audio_pilot_v3/0060.00.01-ex-eleven_v3-v1.mp3	1	555f43dfa7dbdeb145910947499eacb5	Eu quero aprender português.	1.0000	0.0000	pass	1	0.00000		-1.680	-16.250	-2.460	true	false	2026-05-11T21:52:57.726140+00:00	uploaded
0063.00.01	word	m	ny3E2DZImeZm00WLGZi9	sem	audio_pilot_v3/0063.00.01-word-eleven_v3-v1.mp3	https://pub-155fa287ae724688aaa870d99135311a.r2.dev/audio_pilot_v3/0063.00.01-word-eleven_v3-v1.mp3	1	9caa2762ed0772404a92a14222fe0b92	sem	1.0000	0.0000	pass	1	0.00000	short-input phonetic check (dist=0.00, thresh=0.40)	3.700	-17.910	-1.510	false	true	2026-05-11T21:52:57.726140+00:00	uploaded
0060.00.01	word	m	ny3E2DZImeZm00WLGZi9	querer	audio_pilot_v3/0060.00.01-word-eleven_v3-v1.mp3	https://pub-155fa287ae724688aaa870d99135311a.r2.dev/audio_pilot_v3/0060.00.01-word-eleven_v3-v1.mp3	1	1a89b06d801d42b05c66ef726e6d367a	Querer.	1.0000	0.0000	pass	2	0.00000	biased+unbiased agreed	5.070	-17.100	-1.510	false	true	2026-05-11T21:52:57.726140+00:00	uploaded
0062.00.01	example	m	ny3E2DZImeZm00WLGZi9	Comprei um carro novo na semana passada.	audio_pilot_v3/0062.00.01-ex-eleven_v3-v1.mp3	https://pub-155fa287ae724688aaa870d99135311a.r2.dev/audio_pilot_v3/0062.00.01-ex-eleven_v3-v1.mp3	1	d125a3b423c131891282af35931d5ae5	Comprei um carro novo na semana passada.	1.0000	0.0000	pass	1	0.00000		-0.560	-17.590	-1.490	false	true	2026-05-11T21:52:57.726140+00:00	uploaded
0059.00.01	example	m	wxoDdfPKBuna5KnUEotz	Faça assim: primeiro lave as mãos, depois cozinhe.	audio_pilot_v3/0059.00.01-ex-eleven_v3-v1.mp3	https://pub-155fa287ae724688aaa870d99135311a.r2.dev/audio_pilot_v3/0059.00.01-ex-eleven_v3-v1.mp3	1	655e6408fba4b1cedc4088f5700122f8	Faça assim: primeiro, lave as mãos. Depois, cozinhe.	1.0000	0.0357	pass	1	0.00000		-0.730	-17.820	-1.500	false	true	2026-05-11T21:52:57.726140+00:00	uploaded
0064.00.01	example	m	wxoDdfPKBuna5KnUEotz	Minha irmã vem me visitar no sábado.	audio_pilot_v3/0064.00.01-ex-eleven_v3-v1.mp3	https://pub-155fa287ae724688aaa870d99135311a.r2.dev/audio_pilot_v3/0064.00.01-ex-eleven_v3-v1.mp3	1	98cc2fb5a977bd4de2960ea61d386664	Minha irmã veio me visitar no sábado.	0.9444	0.0233	regen	1	0.00000		-0.440	-16.320	-2.310	true	false	2026-05-11T21:52:57.726140+00:00	uploaded
0064.00.01	word	m	wxoDdfPKBuna5KnUEotz	vir	audio_pilot_v3/0064.00.01-word-eleven_v3-v1.mp3	https://pub-155fa287ae724688aaa870d99135311a.r2.dev/audio_pilot_v3/0064.00.01-word-eleven_v3-v1.mp3	1	b217bdaa2fb05a86383e32f8bda668d3	vir	1.0000	0.0000	pass	1	0.00000	short-input phonetic check (dist=0.00, thresh=0.40)	5.630	-16.950	-1.490	true	true	2026-05-11T21:52:57.726140+00:00	uploaded
0062.00.01	word	m	ny3E2DZImeZm00WLGZi9	novo	audio_pilot_v3/0062.00.01-word-eleven_v3-v1.mp3	https://pub-155fa287ae724688aaa870d99135311a.r2.dev/audio_pilot_v3/0062.00.01-word-eleven_v3-v1.mp3	1	22a4d48842bc5ea9116144d525ee9ccf	Novo.	1.0000	0.0000	pass	2	0.00000	biased+unbiased agreed	4.900	-18.440	-1.500	false	true	2026-05-11T21:52:57.726140+00:00	uploaded
0063.00.01	example	m	ny3E2DZImeZm00WLGZi9	Eu tomo café sem açúcar.	audio_pilot_v3/0063.00.01-ex-eleven_v3-v1.mp3	https://pub-155fa287ae724688aaa870d99135311a.r2.dev/audio_pilot_v3/0063.00.01-ex-eleven_v3-v1.mp3	1	7e8e4f7157be37442c91f2337f5a2134	Eu tomo café sem açúcar.	1.0000	0.0000	pass	1	0.00000		3.220	-17.180	-1.480	false	true	2026-05-11T21:52:57.726140+00:00	uploaded
0065.00.01	example	m	AaeZyyi87RCxtFnHPS3e	Não tenho tempo para assistir TV hoje.	audio_pilot_v3/0065.00.01-ex-eleven_v3-v1.mp3	https://pub-155fa287ae724688aaa870d99135311a.r2.dev/audio_pilot_v3/0065.00.01-ex-eleven_v3-v1.mp3	1	cf7ca2044d53d8cdccb584ebf8140deb	Não tenho tempo para assistir TV hoje.	1.0000	0.0000	pass	1	0.00000		-2.680	-16.270	-3.610	true	false	2026-05-11T21:52:57.726140+00:00	uploaded
0065.00.02	example	m	4r3G9XKliGgVZLKMgjik	O tempo está bom hoje para ir à praia.	audio_pilot_v3/0065.00.02-ex-eleven_v3-v1.mp3	https://pub-155fa287ae724688aaa870d99135311a.r2.dev/audio_pilot_v3/0065.00.02-ex-eleven_v3-v1.mp3	1	688f8bec3a842b49bd545abd3b2a77e4	O tempo está bom hoje para ir à praia.	1.0000	0.0000	pass	1	0.00000		-1.340	-16.220	-2.700	true	false	2026-05-11T21:52:57.726140+00:00	uploaded
0066.00.01	example	m	xNGAXaCH8MaasNuo7Hr7	Ela fala português muito bem.	audio_pilot_v3/0066.00.01-ex-eleven_v3-v1.mp3	https://pub-155fa287ae724688aaa870d99135311a.r2.dev/audio_pilot_v3/0066.00.01-ex-eleven_v3-v1.mp3	1	6c0183296273ffb9f5dd6bdcfcd4447e	Ela fala português muito bem.	1.0000	0.0000	pass	1	0.00000		-0.690	-16.300	-4.910	true	false	2026-05-11T21:52:57.726140+00:00	uploaded
0066.00.01	word	m	xNGAXaCH8MaasNuo7Hr7	bem	audio_pilot_v3/0066.00.01-word-eleven_v3-v1.mp3	https://pub-155fa287ae724688aaa870d99135311a.r2.dev/audio_pilot_v3/0066.00.01-word-eleven_v3-v1.mp3	1	6c5fb396de52f1610854f8e313065d85	bem	1.0000	0.0000	pass	1	0.00000	short-input phonetic check (dist=0.00, thresh=0.40)	-4.660	-15.980	-5.170	true	false	2026-05-11T21:52:57.726140+00:00	uploaded
0071.00.01	example	m	4r3G9XKliGgVZLKMgjik	Vou ao banco e então vou para casa.	audio_pilot_v3/0071.00.01-ex-eleven_v3-v1.mp3	https://pub-155fa287ae724688aaa870d99135311a.r2.dev/audio_pilot_v3/0071.00.01-ex-eleven_v3-v1.mp3	1	9d7be2b830921dc05522683ca21de761	Vou ao banco e então vou para casa.	1.0000	0.0000	pass	1	0.00000		-0.840	-16.240	-2.180	true	false	2026-05-11T21:52:57.726140+00:00	uploaded
0065.00.01	word	m	AaeZyyi87RCxtFnHPS3e	o tempo	audio_pilot_v3/0065.00.01-word-eleven_v3-v1.mp3	https://pub-155fa287ae724688aaa870d99135311a.r2.dev/audio_pilot_v3/0065.00.01-word-eleven_v3-v1.mp3	1	03d0580ab8c481b899e1b4f2d9c7aaf7	O tempo.	1.0000	0.0000	pass	2	0.00000	biased+unbiased agreed	-0.480	-18.390	-1.500	false	true	2026-05-11T21:52:57.726140+00:00	uploaded
0070.00.01	example	m	ny3E2DZImeZm00WLGZi9	Preciso comprar algumas coisas no mercado.	audio_pilot_v3/0070.00.01-ex-eleven_v3-v1.mp3	https://pub-155fa287ae724688aaa870d99135311a.r2.dev/audio_pilot_v3/0070.00.01-ex-eleven_v3-v1.mp3	1	66b5d8a015ff6aeab5361d3f3c499cdf	Preciso comprar algumas coisas no mercado.	1.0000	0.0000	pass	1	0.00000		1.910	-16.960	-1.500	true	true	2026-05-11T21:52:57.726140+00:00	uploaded
0071.00.01	word	m	4r3G9XKliGgVZLKMgjik	então	audio_pilot_v3/0071.00.01-word-eleven_v3-v1.mp3	https://pub-155fa287ae724688aaa870d99135311a.r2.dev/audio_pilot_v3/0071.00.01-word-eleven_v3-v1.mp3	1	180bd990ea8a24b297ce19654861ca01	Então,	1.0000	0.0000	pass	2	0.00000	biased+unbiased agreed	-1.630	-15.980	-2.390	true	false	2026-05-11T21:52:57.726140+00:00	uploaded
0065.00.02	word	m	4r3G9XKliGgVZLKMgjik	o tempo	audio_pilot_v3/0065.00.02-word-eleven_v3-v1.mp3	https://pub-155fa287ae724688aaa870d99135311a.r2.dev/audio_pilot_v3/0065.00.02-word-eleven_v3-v1.mp3	1	697ad8928ffbb65cc388095adb8171f7	O tempo.	1.0000	0.0000	pass	2	0.00000	biased+unbiased agreed	6.070	-17.630	-1.500	false	true	2026-05-11T21:52:57.726140+00:00	uploaded
0072.00.01	example	m	wxoDdfPKBuna5KnUEotz	Quem é aquela mulher na foto?	audio_pilot_v3/0072.00.01-ex-eleven_v3-v1.mp3	https://pub-155fa287ae724688aaa870d99135311a.r2.dev/audio_pilot_v3/0072.00.01-ex-eleven_v3-v1.mp3	1	60b5899421d6ecc7bda859a0503b4559	Quem é aquela mulher na foto?	1.0000	0.0000	pass	1	0.00000		-0.270	-16.220	-2.110	true	false	2026-05-11T21:52:57.726140+00:00	uploaded
0070.00.01	word	m	ny3E2DZImeZm00WLGZi9	a coisa	audio_pilot_v3/0070.00.01-word-eleven_v3-v1.mp3	https://pub-155fa287ae724688aaa870d99135311a.r2.dev/audio_pilot_v3/0070.00.01-word-eleven_v3-v1.mp3	1	e52e33e5d79e33e23dfbfc9919ea0829	A coisa.	1.0000	0.0000	pass	2	0.00000	biased+unbiased agreed	4.630	-21.390	-1.500	false	true	2026-05-11T21:52:57.726140+00:00	uploaded
0072.00.01	word	m	wxoDdfPKBuna5KnUEotz	quem	audio_pilot_v3/0072.00.01-word-eleven_v3-v1.mp3	https://pub-155fa287ae724688aaa870d99135311a.r2.dev/audio_pilot_v3/0072.00.01-word-eleven_v3-v1.mp3	1	43b1fa5f73e45b78978e2cda0e98cc28	Quem?	1.0000	0.0000	pass	2	0.00000	biased+unbiased agreed	-0.120	-19.620	-1.470	false	true	2026-05-11T21:52:57.726140+00:00	uploaded
0073.00.01	example	m	wxoDdfPKBuna5KnUEotz	Eu sempre tomo café da manhã às sete horas.	audio_pilot_v3/0073.00.01-ex-eleven_v3-v1.mp3	https://pub-155fa287ae724688aaa870d99135311a.r2.dev/audio_pilot_v3/0073.00.01-ex-eleven_v3-v1.mp3	1	eca96b45c170e8c40be17bb3023c0748	Eu sempre tomo café da manhã às sete horas.	1.0000	0.0000	pass	1	0.00000		-0.850	-17.170	-1.520	false	true	2026-05-11T21:52:57.726140+00:00	uploaded
0075.00.01	example	m	xNGAXaCH8MaasNuo7Hr7	O ônibus chega às oito horas.	audio_pilot_v3/0075.00.01-ex-eleven_v3-v1.mp3	https://pub-155fa287ae724688aaa870d99135311a.r2.dev/audio_pilot_v3/0075.00.01-ex-eleven_v3-v1.mp3	1	a061d9ccbb107bec9918c1730075bab9	O ônibus chega às oito horas.	1.0000	0.0000	pass	1	0.00000		-1.760	-16.230	-3.860	true	false	2026-05-11T21:52:57.726140+00:00	uploaded
0073.00.01	word	m	wxoDdfPKBuna5KnUEotz	sempre	audio_pilot_v3/0073.00.01-word-eleven_v3-v1.mp3	https://pub-155fa287ae724688aaa870d99135311a.r2.dev/audio_pilot_v3/0073.00.01-word-eleven_v3-v1.mp3	1	89d1c8765aec0fbab295cd26c2e5dbc4	Sempre.	1.0000	0.0000	pass	2	0.00000	biased+unbiased agreed	-0.430	-19.120	-1.510	false	true	2026-05-11T21:52:57.726140+00:00	uploaded
0075.00.01	word	m	xNGAXaCH8MaasNuo7Hr7	chegar	audio_pilot_v3/0075.00.01-word-eleven_v3-v1.mp3	https://pub-155fa287ae724688aaa870d99135311a.r2.dev/audio_pilot_v3/0075.00.01-word-eleven_v3-v1.mp3	1	212c99d55e6965289662ec600e40ef2f	Chega.	0.8333	0.6667	regen	2	0.00000	unbiased cross-check disagreed with biased	0.280	-16.980	-1.510	true	true	2026-05-11T21:52:57.726140+00:00	uploaded
0078.00.01	example	m	wxoDdfPKBuna5KnUEotz	O homem lê o jornal toda manhã.	audio_pilot_v3/0078.00.01-ex-eleven_v3-v1.mp3	https://pub-155fa287ae724688aaa870d99135311a.r2.dev/audio_pilot_v3/0078.00.01-ex-eleven_v3-v1.mp3	1	a701b50e4f3b1b15d5f91f6e26999296	O homem lê o jornal toda manhã.	1.0000	0.0000	pass	1	0.00000		-1.680	-16.210	-3.350	true	false	2026-05-11T21:52:57.726140+00:00	uploaded
0076.00.01	word	m	ny3E2DZImeZm00WLGZi9	a vida	audio_pilot_v3/0076.00.01-word-eleven_v3-v1.mp3	https://pub-155fa287ae724688aaa870d99135311a.r2.dev/audio_pilot_v3/0076.00.01-word-eleven_v3-v1.mp3	1	8de7f022512f097b69cd9ac61af8127d	A vida.	1.0000	0.0000	pass	2	0.00000	biased+unbiased agreed	1.090	-24.970	-1.500	false	true	2026-05-11T21:52:57.726140+00:00	uploaded
0076.00.01	example	m	ny3E2DZImeZm00WLGZi9	A vida na cidade é diferente da vida no campo.	audio_pilot_v3/0076.00.01-ex-eleven_v3-v1.mp3	https://pub-155fa287ae724688aaa870d99135311a.r2.dev/audio_pilot_v3/0076.00.01-ex-eleven_v3-v1.mp3	1	ffcb23f8a62692c115a6d34de3b4b58a	A vida na cidade é diferente da vida no campo.	1.0000	0.0000	pass	1	0.00000		-0.340	-16.740	-1.500	true	true	2026-05-11T21:52:57.726140+00:00	uploaded
0080.00.01	word	m	AaeZyyi87RCxtFnHPS3e	tudo	audio_pilot_v3/0080.00.01-word-eleven_v3-v1.mp3	https://pub-155fa287ae724688aaa870d99135311a.r2.dev/audio_pilot_v3/0080.00.01-word-eleven_v3-v1.mp3	1	7ea0979633d55be8b37b99a4454f02bd	Tudo.	1.0000	0.0000	pass	2	0.00000	biased+unbiased agreed	-1.290	-15.990	-2.170	true	false	2026-05-11T21:52:57.726140+00:00	uploaded
0078.00.01	word	m	wxoDdfPKBuna5KnUEotz	o homem	audio_pilot_v3/0078.00.01-word-eleven_v3-v1.mp3	https://pub-155fa287ae724688aaa870d99135311a.r2.dev/audio_pilot_v3/0078.00.01-word-eleven_v3-v1.mp3	1	e4412d1892794c214c3e6814b0a5fd85	Homem.	0.7143	0.2500	regen	2	0.00000	unbiased cross-check disagreed with biased	-0.350	-17.790	-1.500	false	true	2026-05-11T21:52:57.726140+00:00	uploaded
0080.00.01	example	m	AaeZyyi87RCxtFnHPS3e	Ela comprou tudo para a festa.	audio_pilot_v3/0080.00.01-ex-eleven_v3-v1.mp3	https://pub-155fa287ae724688aaa870d99135311a.r2.dev/audio_pilot_v3/0080.00.01-ex-eleven_v3-v1.mp3	1	da4e31c748746b6d21a5731c188cea1a	Ela comprou tudo para a festa.	1.0000	0.0000	pass	1	0.00000		-2.500	-16.230	-3.280	true	false	2026-05-11T21:52:57.726140+00:00	uploaded
0081.00.01	example	m	AaeZyyi87RCxtFnHPS3e	Minha casa é perto da praia.	audio_pilot_v3/0081.00.01-ex-eleven_v3-v1.mp3	https://pub-155fa287ae724688aaa870d99135311a.r2.dev/audio_pilot_v3/0081.00.01-ex-eleven_v3-v1.mp3	1	baa31fc78f2f3c36cad5e8e33ea004d3	Minha casa é perto da praia.	1.0000	0.0000	pass	1	0.00000		-1.610	-16.220	-2.300	true	false	2026-05-11T21:52:57.726140+00:00	uploaded
0081.00.01	word	m	AaeZyyi87RCxtFnHPS3e	a casa	audio_pilot_v3/0081.00.01-word-eleven_v3-v1.mp3	https://pub-155fa287ae724688aaa870d99135311a.r2.dev/audio_pilot_v3/0081.00.01-word-eleven_v3-v1.mp3	1	f79695468bd96eb245ef9aad641bc30b	A casa.	1.0000	0.0000	pass	2	0.00000	biased+unbiased agreed	0.790	-20.180	-1.500	false	true	2026-05-11T21:52:57.726140+00:00	uploaded
0085.00.01	example	m	ny3E2DZImeZm00WLGZi9	Nosso apartamento tem dois quartos.	audio_pilot_v3/0085.00.01-ex-eleven_v3-v1.mp3	https://pub-155fa287ae724688aaa870d99135311a.r2.dev/audio_pilot_v3/0085.00.01-ex-eleven_v3-v1.mp3	1	d529c51aaf4d4a779cc0d16240a43392	Nosso apartamento tem dois quartos.	1.0000	0.0000	pass	1	0.00000		-0.530	-18.530	-1.480	false	true	2026-05-11T21:52:57.726140+00:00	uploaded
0088.00.02	example	m	xNGAXaCH8MaasNuo7Hr7	Minha mãe não deixa eu sair à noite.	audio_pilot_v3/0088.00.02-ex-eleven_v3-v1.mp3	https://pub-155fa287ae724688aaa870d99135311a.r2.dev/audio_pilot_v3/0088.00.02-ex-eleven_v3-v1.mp3	1	6060002b2da4116f7e807398706911af	Minha mãe não deixa eu sair à noite.	1.0000	0.0000	pass	1	0.00000		-2.630	-16.220	-3.300	true	false	2026-05-11T21:52:57.726140+00:00	uploaded
0089.00.01	word	m	ny3E2DZImeZm00WLGZi9	bom	audio_pilot_v3/0089.00.01-word-eleven_v3-v1.mp3	https://pub-155fa287ae724688aaa870d99135311a.r2.dev/audio_pilot_v3/0089.00.01-word-eleven_v3-v1.mp3	1	84950593fef7573d650a158090ec0bd7	Bom.	1.0000	0.0000	pass	1	0.00000	short-input phonetic check (dist=0.00, thresh=0.40)	4.960	-21.460	-1.500	false	true	2026-05-11T21:52:57.726140+00:00	uploaded
0085.00.01	word	m	ny3E2DZImeZm00WLGZi9	nosso	audio_pilot_v3/0085.00.01-word-eleven_v3-v1.mp3	https://pub-155fa287ae724688aaa870d99135311a.r2.dev/audio_pilot_v3/0085.00.01-word-eleven_v3-v1.mp3	1	3beafcc29d1fbef9a04d9f2574791f71	Nos.	0.6000	0.4000	regen	2	0.00000	unbiased cross-check disagreed with biased	5.610	-17.210	-1.500	false	true	2026-05-11T21:52:57.726140+00:00	uploaded
0088.00.02	word	m	xNGAXaCH8MaasNuo7Hr7	deixar	audio_pilot_v3/0088.00.02-word-eleven_v3-v1.mp3	https://pub-155fa287ae724688aaa870d99135311a.r2.dev/audio_pilot_v3/0088.00.02-word-eleven_v3-v1.mp3	1	2027eedf97fad1537cb183f6364cb087	Deixar.	1.0000	0.0000	pass	2	0.00000	biased+unbiased agreed	-1.620	-16.140	-4.690	true	false	2026-05-11T21:52:57.726140+00:00	uploaded
0089.00.01	example	m	ny3E2DZImeZm00WLGZi9	Este restaurante é muito bom.	audio_pilot_v3/0089.00.01-ex-eleven_v3-v1.mp3	https://pub-155fa287ae724688aaa870d99135311a.r2.dev/audio_pilot_v3/0089.00.01-ex-eleven_v3-v1.mp3	1	779fb1a4226dbc9e10e0f6c26d34a1d6	Este restaurante é muito bom.	1.0000	0.0000	pass	1	0.00000		-0.660	-16.660	-1.750	true	true	2026-05-11T21:52:57.726140+00:00	uploaded
0090.00.01	example	m	AaeZyyi87RCxtFnHPS3e	A aula começa às nove horas.	audio_pilot_v3/0090.00.01-ex-eleven_v3-v1.mp3	https://pub-155fa287ae724688aaa870d99135311a.r2.dev/audio_pilot_v3/0090.00.01-ex-eleven_v3-v1.mp3	1	277eea0bae1070340bc0e3172f4071bb	A aula começa às nove horas.	1.0000	0.0000	pass	1	0.00000		-3.390	-16.200	-4.280	true	false	2026-05-11T21:52:57.726140+00:00	uploaded
0090.00.01	word	m	AaeZyyi87RCxtFnHPS3e	começar	audio_pilot_v3/0090.00.01-word-eleven_v3-v1.mp3	https://pub-155fa287ae724688aaa870d99135311a.r2.dev/audio_pilot_v3/0090.00.01-word-eleven_v3-v1.mp3	1	67dfcbc7504a3c8d687ef876565e0e8f	Começar.	1.0000	0.0000	pass	2	0.00000	biased+unbiased agreed	-1.310	-16.080	-2.110	true	false	2026-05-11T21:52:57.726140+00:00	uploaded
0094.00.01	example	m	xNGAXaCH8MaasNuo7Hr7	Ela fala português e inglês muito bem.	audio_pilot_v3/0094.00.01-ex-eleven_v3-v1.mp3	https://pub-155fa287ae724688aaa870d99135311a.r2.dev/audio_pilot_v3/0094.00.01-ex-eleven_v3-v1.mp3	1	d3fc4d01c0e14f3729333393a176cd44	Ela fala português e inglês muito bem.	1.0000	0.0000	pass	1	0.00000		-2.400	-16.250	-3.430	true	false	2026-05-11T21:52:57.726140+00:00	uploaded
0099.00.01	word	m	xNGAXaCH8MaasNuo7Hr7	nem	audio_pilot_v3/0099.00.01-word-eleven_v3-v1.mp3	https://pub-155fa287ae724688aaa870d99135311a.r2.dev/audio_pilot_v3/0099.00.01-word-eleven_v3-v1.mp3	1	4d07d58bfcf03decaa6eed38ef4b80fd	Nem	1.0000	0.0000	pass	1	0.00000	short-input phonetic check (dist=0.00, thresh=0.40)	-4.210	-16.960	-4.770	true	false	2026-05-11T21:52:57.726140+00:00	uploaded
0096.00.01	example	m	wxoDdfPKBuna5KnUEotz	Preencha a forma com seus dados pessoais.	audio_pilot_v3/0096.00.01-ex-eleven_v3-v1.mp3	https://pub-155fa287ae724688aaa870d99135311a.r2.dev/audio_pilot_v3/0096.00.01-ex-eleven_v3-v1.mp3	1	c4353eb7e6add6f0cce34d10770c60c0	Preencha a forma com seus dados pessoais.	1.0000	0.0000	pass	1	0.00000		-1.000	-16.560	-1.760	true	true	2026-05-11T21:52:57.726140+00:00	uploaded
0096.00.01	word	m	wxoDdfPKBuna5KnUEotz	a forma	audio_pilot_v3/0096.00.01-word-eleven_v3-v1.mp3	https://pub-155fa287ae724688aaa870d99135311a.r2.dev/audio_pilot_v3/0096.00.01-word-eleven_v3-v1.mp3	1	e607667cebf07b5788737a523f74fd58	A forma.	1.0000	0.0000	pass	2	0.00000	biased+unbiased agreed	-0.050	-18.820	-1.500	false	true	2026-05-11T21:52:57.726140+00:00	uploaded
0099.00.01	example	m	xNGAXaCH8MaasNuo7Hr7	Não tenho nem tempo nem dinheiro para viajar.	audio_pilot_v3/0099.00.01-ex-eleven_v3-v1.mp3	https://pub-155fa287ae724688aaa870d99135311a.r2.dev/audio_pilot_v3/0099.00.01-ex-eleven_v3-v1.mp3	1	1b45f7c19a8159544ee120b3ac07e86c	Não tenho nem tempo nem dinheiro para viajar.	1.0000	0.0000	pass	1	0.00000		-2.230	-16.280	-3.230	true	false	2026-05-11T21:52:57.726140+00:00	uploaded
0094.00.01	word	m	xNGAXaCH8MaasNuo7Hr7	falar	audio_pilot_v3/0094.00.01-word-eleven_v3-v1.mp3	https://pub-155fa287ae724688aaa870d99135311a.r2.dev/audio_pilot_v3/0094.00.01-word-eleven_v3-v1.mp3	1	799e56fc59b260957d1c2d25933a5430	Fala.	0.8000	0.6667	regen	2	0.00000	unbiased cross-check disagreed with biased	1.110	-16.090	-1.850	true	false	2026-05-11T21:52:57.726140+00:00	uploaded
0102.00.01	word	m	qPfM2laM0pRL4rrZtBGl	o meio	audio_pilot_v3/0102.00.01-word-eleven_v3-v1.mp3	https://pub-155fa287ae724688aaa870d99135311a.r2.dev/audio_pilot_v3/0102.00.01-word-eleven_v3-v1.mp3	1	743270f37b3652af4f79dfb4be89cd43	O meio.	1.0000	0.0000	pass	2	0.00000	biased+unbiased agreed	1.710	-18.070	-1.500	false	true	2026-05-11T21:52:57.726140+00:00	uploaded
0102.00.03	word	m	AaeZyyi87RCxtFnHPS3e	o meio	audio_pilot_v3/0102.00.03-word-eleven_v3-v1.mp3	https://pub-155fa287ae724688aaa870d99135311a.r2.dev/audio_pilot_v3/0102.00.03-word-eleven_v3-v1.mp3	1	215bb4d6c2bd1c0e5fe9cbaf49ae025f	O meio.	1.0000	0.0000	pass	2	0.00000	biased+unbiased agreed	-5.470	-16.070	-6.410	true	false	2026-05-11T21:52:57.726140+00:00	uploaded
0102.00.01	example	m	qPfM2laM0pRL4rrZtBGl	O ônibus é o melhor meio de transporte na cidade.	audio_pilot_v3/0102.00.01-ex-eleven_v3-v1.mp3	https://pub-155fa287ae724688aaa870d99135311a.r2.dev/audio_pilot_v3/0102.00.01-ex-eleven_v3-v1.mp3	1	bb5e7af6990f89d660af89f26a9e700e	O ônibus é o melhor meio de transporte na cidade.	1.0000	0.0000	pass	1	0.00000		-0.350	-16.920	-1.500	true	true	2026-05-11T21:52:57.726140+00:00	uploaded
0102.00.03	example	m	AaeZyyi87RCxtFnHPS3e	Comi meio sanduíche no almoço.	audio_pilot_v3/0102.00.03-ex-eleven_v3-v1.mp3	https://pub-155fa287ae724688aaa870d99135311a.r2.dev/audio_pilot_v3/0102.00.03-ex-eleven_v3-v1.mp3	1	b210f5f5f1904a4a178d665d52501a99	O meu meio sanduíche no almoço.	0.8667	0.1143	regen	1	0.00000		-4.520	-16.180	-5.250	true	false	2026-05-11T21:52:57.726140+00:00	uploaded
0114.00.02	word	m	AaeZyyi87RCxtFnHPS3e	tanto	audio_pilot_v3/0114.00.02-word-eleven_v3-v1.mp3	https://pub-155fa287ae724688aaa870d99135311a.r2.dev/audio_pilot_v3/0114.00.02-word-eleven_v3-v1.mp3	1	e1988bd7264b3a090f24a8db4d2e0065	Tanto.	1.0000	0.0000	pass	2	0.00000	biased+unbiased agreed	-0.960	-16.200	-1.760	true	true	2026-05-11T21:52:57.726140+00:00	uploaded
0116.00.01	example	m	wxoDdfPKBuna5KnUEotz	Vou chamar minha mãe para jantar.	audio_pilot_v3/0116.00.01-ex-eleven_v3-v1.mp3	https://pub-155fa287ae724688aaa870d99135311a.r2.dev/audio_pilot_v3/0116.00.01-ex-eleven_v3-v1.mp3	1	9e71587c174614a9ea3ece89ab824921	Vou chamar minha mãe para jantar.	1.0000	0.0000	pass	1	0.00000		-0.510	-16.420	-2.350	true	false	2026-05-11T21:52:57.726140+00:00	uploaded
0114.00.02	example	m	AaeZyyi87RCxtFnHPS3e	Comi tanto que não consigo comer mais.	audio_pilot_v3/0114.00.02-ex-eleven_v3-v1.mp3	https://pub-155fa287ae724688aaa870d99135311a.r2.dev/audio_pilot_v3/0114.00.02-ex-eleven_v3-v1.mp3	1	b76d69546f3cf853e43f9b0b81ef95f2	Comi tanto que não consigo comer mais.	1.0000	0.0000	pass	1	0.00000		-3.090	-16.440	-3.820	true	false	2026-05-11T21:52:57.726140+00:00	uploaded
0117.00.01	example	m	AaeZyyi87RCxtFnHPS3e	Este restaurante é melhor que o outro.	audio_pilot_v3/0117.00.01-ex-eleven_v3-v1.mp3	https://pub-155fa287ae724688aaa870d99135311a.r2.dev/audio_pilot_v3/0117.00.01-ex-eleven_v3-v1.mp3	1	c570deccea20fbfaf92b902881ec2965	Este restaurante é melhor que o outro.	1.0000	0.0000	pass	1	0.00000		-2.590	-16.260	-3.530	true	false	2026-05-11T21:52:57.726140+00:00	uploaded
0117.00.01	word	m	AaeZyyi87RCxtFnHPS3e	melhor	audio_pilot_v3/0117.00.01-word-eleven_v3-v1.mp3	https://pub-155fa287ae724688aaa870d99135311a.r2.dev/audio_pilot_v3/0117.00.01-word-eleven_v3-v1.mp3	1	f068b3931f4193a0333c32236ec94177	Melhor.	1.0000	0.0000	pass	2	0.00000	biased+unbiased agreed	4.220	-16.080	-1.760	true	true	2026-05-11T21:52:57.726140+00:00	uploaded
0116.00.01	word	m	wxoDdfPKBuna5KnUEotz	chamar	audio_pilot_v3/0116.00.01-word-eleven_v3-v1.mp3	https://pub-155fa287ae724688aaa870d99135311a.r2.dev/audio_pilot_v3/0116.00.01-word-eleven_v3-v1.mp3	1	690611a21954591fd751efbd0d9c83de	Chamar.	1.0000	0.0000	pass	2	0.00000	biased+unbiased agreed	-0.310	-18.050	-1.490	false	true	2026-05-11T21:52:57.726140+00:00	uploaded
0119.00.01	example	m	AaeZyyi87RCxtFnHPS3e	Meu nome é João e moro no Brasil.	audio_pilot_v3/0119.00.01-ex-eleven_v3-v1.mp3	https://pub-155fa287ae724688aaa870d99135311a.r2.dev/audio_pilot_v3/0119.00.01-ex-eleven_v3-v1.mp3	1	fef22c776df6e1236566c331000f4098	Meu nome é João e moro no Brasil.	1.0000	0.0000	pass	1	0.00000		-3.850	-16.230	-4.620	true	false	2026-05-11T21:52:57.726140+00:00	uploaded
0119.00.01	word	m	AaeZyyi87RCxtFnHPS3e	o nome	audio_pilot_v3/0119.00.01-word-eleven_v3-v1.mp3	https://pub-155fa287ae724688aaa870d99135311a.r2.dev/audio_pilot_v3/0119.00.01-word-eleven_v3-v1.mp3	1	79e7fb6b103253d21db2582eb757e2f0	O nome.	1.0000	0.0000	pass	2	0.00000	biased+unbiased agreed	-1.590	-15.750	-2.520	true	false	2026-05-11T21:52:57.726140+00:00	uploaded
0134.00.01	example	m	AaeZyyi87RCxtFnHPS3e	Ele jogou a bola contra a parede.	audio_pilot_v3/0134.00.01-ex-eleven_v3-v1.mp3	https://pub-155fa287ae724688aaa870d99135311a.r2.dev/audio_pilot_v3/0134.00.01-ex-eleven_v3-v1.mp3	1	564c8ddebfbd7dead88cda1e842d2c10	Ele jogou a bola contra a parede.	1.0000	0.0000	pass	1	0.00000		-2.960	-16.280	-3.760	true	false	2026-05-11T21:52:57.726140+00:00	uploaded
0146.00.01	example	m	wxoDdfPKBuna5KnUEotz	Posso entrar na sala agora?	audio_pilot_v3/0146.00.01-ex-eleven_v3-v1.mp3	https://pub-155fa287ae724688aaa870d99135311a.r2.dev/audio_pilot_v3/0146.00.01-ex-eleven_v3-v1.mp3	1	d2eac3da2c684bcbe44918d97c3f46f3	Posso entrar na sala agora?	1.0000	0.0000	pass	1	0.00000		-1.220	-16.390	-2.140	true	false	2026-05-11T21:52:57.726140+00:00	uploaded
0134.00.01	word	m	AaeZyyi87RCxtFnHPS3e	contra	audio_pilot_v3/0134.00.01-word-eleven_v3-v1.mp3	https://pub-155fa287ae724688aaa870d99135311a.r2.dev/audio_pilot_v3/0134.00.01-word-eleven_v3-v1.mp3	1	b3e072227159d6817e8981733377726c	Contra.	1.0000	0.0000	pass	2	0.00000	biased+unbiased agreed	-0.720	-17.820	-1.490	false	true	2026-05-11T21:52:57.726140+00:00	uploaded
0146.00.01	word	m	wxoDdfPKBuna5KnUEotz	entrar	audio_pilot_v3/0146.00.01-word-eleven_v3-v1.mp3	https://pub-155fa287ae724688aaa870d99135311a.r2.dev/audio_pilot_v3/0146.00.01-word-eleven_v3-v1.mp3	1	4d8028bcbc18a5681d15da9841ed1bcf	Entrar.	1.0000	0.0000	pass	2	0.00000	biased+unbiased agreed	1.350	-17.250	-1.480	false	true	2026-05-11T21:52:57.726140+00:00	uploaded
