pt	reported_at	source	notes
cara	2026-05-10	stage7_listening_checklist	user-flagged audio
proveniente	2026-05-10	stage7_listening_checklist	user-flagged audio
salarial	2026-05-10	stage7_listening_checklist	user-flagged audio
quarto	2026-05-10	stage7_listening_checklist	user-flagged audio
série	2026-05-10	stage7_listening_checklist	user-flagged audio
face	2026-05-10	stage7_listening_checklist	user-flagged audio
data	2026-05-10	stage7_listening_checklist	user-flagged audio
roda	2026-05-10	stage7_listening_checklist	user-flagged audio
sede	2026-05-10	stage7_listening_checklist	user-flagged audio
trás	2026-05-10	stage7_listening_checklist	user-flagged audio
puro	2026-05-10	stage7_listening_checklist	user-flagged audio
policial	2026-05-10	stage7_listening_checklist	user-flagged audio
sorte	2026-05-10	stage7_listening_checklist	user-flagged audio
recorrer	2026-05-10	stage7_listening_checklist	user-flagged audio
vara	2026-05-10	stage7_listening_checklist	user-flagged audio
caça	2026-05-10	stage7_listening_checklist	user-flagged audio
serra	2026-05-10	stage7_listening_checklist	user-flagged audio
fiel	2026-05-10	stage7_listening_checklist	user-flagged audio
visar	2026-05-10	stage7_listening_checklist	user-flagged audio
capa	2026-05-10	stage7_listening_checklist	user-flagged audio
placa	2026-05-10	stage7_listening_checklist	user-flagged audio
ruim	2026-05-10	stage7_listening_checklist	user-flagged audio
rapariga	2026-05-10	stage7_listening_checklist	user-flagged audio (also BP NSFW false-friend)
meta	2026-05-10	stage7_listening_checklist	user-flagged audio
ribeira	2026-05-10	stage7_listening_checklist	user-flagged audio
herdar	2026-05-10	stage7_listening_checklist	user-flagged audio
chance	2026-05-10	stage7_listening_checklist	user-flagged audio
poço	2026-05-10	stage7_listening_checklist	user-flagged audio
reto	2026-05-10	stage7_listening_checklist	user-flagged audio
paço	2026-05-10	stage7_listening_checklist	user-flagged audio
touro	2026-05-10	stage7_listening_checklist	user-flagged audio
seda	2026-05-10	stage7_listening_checklist	user-flagged audio
maré	2026-05-10	stage7_listening_checklist	user-flagged audio
dose	2026-05-10	stage7_listening_checklist	user-flagged audio
referente	2026-05-10	stage7_listening_checklist	user-flagged audio
tubo	2026-05-10	stage7_listening_checklist	user-flagged audio
elogio	2026-05-10	stage7_listening_checklist	user-flagged audio
remeter	2026-05-10	stage7_listening_checklist	user-flagged audio
turno	2026-05-10	stage7_listening_checklist	user-flagged audio
descida	2026-05-10	stage7_listening_checklist	user-flagged audio
sindical	2026-05-10	stage7_listening_checklist	user-flagged audio
sino	2026-05-10	stage7_listening_checklist	user-flagged audio
malha	2026-05-10	stage7_listening_checklist	user-flagged audio
fatal	2026-05-10	stage7_listening_checklist	user-flagged audio
aranha	2026-05-10	stage7_listening_checklist	user-flagged audio
aquando	2026-05-10	stage7_listening_checklist	user-flagged audio (EP-leaning connector)
reger	2026-05-10	stage7_listening_checklist	user-flagged audio
manteiga	2026-05-10	stage7_listening_checklist	user-flagged audio
cela	2026-05-10	stage7_listening_checklist	user-flagged audio
sanção	2026-05-10	stage7_listening_checklist	user-flagged audio
cova	2026-05-10	stage7_listening_checklist	user-flagged audio
adeus	2026-05-10	stage7_listening_checklist	user-flagged audio
eh	2026-05-10	stage7_listening_checklist	user-flagged audio
tijolo	2026-05-10	stage7_listening_checklist	user-flagged audio
cesta	2026-05-10	stage7_listening_checklist	user-flagged audio
macio	2026-05-10	stage7_listening_checklist	user-flagged audio
hospitalar	2026-05-10	stage7_listening_checklist	user-flagged audio
baía	2026-05-10	stage7_listening_checklist	user-flagged audio
doer	2026-05-10	stage7_listening_checklist	user-flagged audio
grade	2026-05-10	stage7_listening_checklist	user-flagged audio
judaico	2026-05-10	stage7_listening_checklist	user-flagged audio
casto	2026-05-10	stage7_listening_checklist	user-flagged audio
cera	2026-05-10	stage7_listening_checklist	user-flagged audio
mouro	2026-05-10	stage7_listening_checklist	user-flagged audio
revólver	2026-05-10	stage7_listening_checklist	user-flagged audio
suor	2026-05-10	stage7_listening_checklist	user-flagged audio
hino	2026-05-10	stage7_listening_checklist	user-flagged audio
trajeto	2026-05-10	stage7_listening_checklist	user-flagged audio
ceia	2026-05-10	stage7_listening_checklist	user-flagged audio
vulto	2026-05-10	stage7_listening_checklist	user-flagged audio
vice	2026-05-10	stage7_listening_checklist	user-flagged audio
crente	2026-05-10	stage7_listening_checklist	user-flagged audio
susceptível	2026-05-10	stage7_listening_checklist	user-flagged audio (EP-only spelling; BP form is "suscetível")
cavalheiro	2026-05-10	stage7_listening_checklist	user-flagged audio
rito	2026-05-10	stage7_listening_checklist	user-flagged audio
decerto	2026-05-10	stage7_listening_checklist	user-flagged audio (EP-leaning adverb)
apreender	2026-05-10	stage7_listening_checklist	user-flagged audio
roer	2026-05-10	stage7_listening_checklist	user-flagged audio
candeeiro	2026-05-10	stage7_listening_checklist	user-flagged audio
cimo	2026-05-10	stage7_listening_checklist	user-flagged audio
feitio	2026-05-10	stage7_listening_checklist	user-flagged audio
altura	2026-05-10	stage7_listening_checklist	user-flagged audio
batizar	2026-05-10	stage7_listening_checklist	user-flagged audio
carioca	2026-05-10	stage7_listening_checklist	user-flagged audio
assente	2026-05-10	stage7_listening_checklist	user-flagged audio (EP-leaning)
