sense_id	clip_type	pt_or_text	voice_id	drift	severity	confidence	evidence	recommended_action	flagged_at
1644.00.01	example	O caminhão transporta frutas para a cidade.	4r3G9XKliGgVZLKMgjik	EP	high	high	The final '-de' in 'cidade' is not palatalized to [dʒi], indicating European Portuguese pronunciation.	spot-check; override via _manual_audio.tsv if confirmed bad	2026-05-10T11:36:36+00:00
2864.00.02	example	Vou beber um sumo de laranja no café da manhã.	xNGAXaCH8MaasNuo7Hr7	EP	high	high	The speaker used [ʃ] for the coda 's' and did not palatalize the final 'de' in 'laranja', both indicating European Portuguese pronunciation.	spot-check; override via _manual_audio.tsv if confirmed bad	2026-05-10T11:49:10+00:00
3326.00.01	example	A eficácia do remédio foi comprovada em testes.	m151rjrbWXbBqyq56tly	EP	high	high	The final 'de' in 'remédio' is pronounced without palatalization, which is indicative of European Portuguese rather than Brazilian Portuguese.	spot-check; override via _manual_audio.tsv if confirmed bad	2026-05-10T11:53:34+00:00
3381.00.01	example	O fado é um estilo musical tradicional de Portugal.	Rw38T6bn0lTNOb1aUevR	EP	high	high	The speaker pronounces the final -de in 'tradicional de' with a silent or softened consonant, which is typical of European Portuguese rather than the palatalized [dʒi] sound of Brazilian Portuguese.	spot-check; override via _manual_audio.tsv if confirmed bad	2026-05-10T11:54:01+00:00
4334.00.01	example	A pureza da água é importante para a saúde.	ny3E2DZImeZm00WLGZi9	EP	high	high	The final '-e' in 'importante' is silent, which indicates a European Portuguese drift.	spot-check; override via _manual_audio.tsv if confirmed bad	2026-05-10T12:01:41+00:00
4753.00.01	example	O trabalho está incompleto, falta uma página.	m151rjrbWXbBqyq56tly	EP	high	high	The final -e in 'incompleto' is not pronounced as a clear 'i' sound, which is a strong indication of European Portuguese rather than Brazilian Portuguese.	spot-check; override via _manual_audio.tsv if confirmed bad	2026-05-10T12:05:20+00:00
3700.00.01	example	A loja está cerrada hoje porque é feriado.	Rw38T6bn0lTNOb1aUevR	ES	high	high	The soft 'c' as /θ/ sound in 'cerrada' is a clear indication of Spanish pronunciation, not Brazilian Portuguese.	spot-check; override via _manual_audio.tsv if confirmed bad	2026-05-10T11:56:31+00:00
3939.00.01	example	A fidelidade dos clientes é importante para a empresa.	m151rjrbWXbBqyq56tly	ES	high	high	The speaker's 'de' and 'te' sounds are not palatalized to [dʒi] and [tʃi], and the nasalization on vowels like 'important' and 'empresa' was missing, indicating a Spanish drift.	spot-check; override via _manual_audio.tsv if confirmed bad	2026-05-10T11:58:25+00:00
0078.00.01	example	O homem lê o jornal toda manhã.	wxoDdfPKBuna5KnUEotz	EP	medium	high	The speaker pronounced 'lê' with a vowel sound that suggests European Portuguese influence rather than the palatalized Brazilian pronunciation.	spot-check; override via _manual_audio.tsv if confirmed bad	2026-05-10T11:21:59+00:00
0631.00.01	example	Vou obter meu diploma no final do ano.	wxoDdfPKBuna5KnUEotz	EP	medium	high	The final 'l' in 'diploma' is pronounced as a clear consonantal [l] instead of vocalized [w], indicating European Portuguese drift.	spot-check; override via _manual_audio.tsv if confirmed bad	2026-05-10T11:27:37+00:00
2665.00.01	example	Steve Jobs foi o fundador da Apple.	Rw38T6bn0lTNOb1aUevR	ES	medium	high	The speaker did not palatalize final -de in 'fundador' and the vowel quality suggested a Spanish influence.	spot-check; override via _manual_audio.tsv if confirmed bad	2026-05-10T11:46:53+00:00
