sense_id	pt	voice_id	label
0265.00.01	altura	m151rjrbWXbBqyq56tly	UNCLEAR
0265.00.02	altura	m151rjrbWXbBqyq56tly	UNCLEAR
0503.00.01	quarto	AaeZyyi87RCxtFnHPS3e	OK
0503.00.02	quarto	AaeZyyi87RCxtFnHPS3e	OK
0503.00.03	quarto	4r3G9XKliGgVZLKMgjik	OK
0662.00.01	série	4r3G9XKliGgVZLKMgjik	MISPRONOUNCED
0664.00.01	face	m151rjrbWXbBqyq56tly	MISPRONOUNCED
0664.00.02	face	Rw38T6bn0lTNOb1aUevR	OK
0858.00.01	data	4r3G9XKliGgVZLKMgjik	OK
0867.00.01	cara	Rw38T6bn0lTNOb1aUevR	MISPRONOUNCED
0887.00.01	roda	qPfM2laM0pRL4rrZtBGl	MISPRONOUNCED
0937.00.01	sede	Rw38T6bn0lTNOb1aUevR	MISPRONOUNCED
0937.00.02	sede	qPfM2laM0pRL4rrZtBGl	UNCLEAR
0983.00.01	trás	m151rjrbWXbBqyq56tly	UNCLEAR
1034.00.01	puro	Rw38T6bn0lTNOb1aUevR	UNCLEAR
1125.00.01	policial	m151rjrbWXbBqyq56tly	MISPRONOUNCED
1125.00.02	policial	4r3G9XKliGgVZLKMgjik	MISPRONOUNCED
1365.00.01	sorte	AaeZyyi87RCxtFnHPS3e	OK
1365.00.02	sorte	4r3G9XKliGgVZLKMgjik	MISPRONOUNCED
1473.00.01	recorrer	m151rjrbWXbBqyq56tly	UNCLEAR
1473.00.02	recorrer	m151rjrbWXbBqyq56tly	MISPRONOUNCED
1483.00.01	vara	4r3G9XKliGgVZLKMgjik	UNCLEAR
1595.00.01	caça	4r3G9XKliGgVZLKMgjik	OK
1606.00.01	serra	Rw38T6bn0lTNOb1aUevR	UNCLEAR
1606.00.02	serra	ny3E2DZImeZm00WLGZi9	UNCLEAR
1673.00.01	fiel	qPfM2laM0pRL4rrZtBGl	UNCLEAR
1682.00.01	visar	xNGAXaCH8MaasNuo7Hr7	OK
1709.00.01	capa	4r3G9XKliGgVZLKMgjik	OK
1709.00.02	capa	Rw38T6bn0lTNOb1aUevR	UNCLEAR
1742.00.01	placa	m151rjrbWXbBqyq56tly	OK
1742.00.02	placa	qPfM2laM0pRL4rrZtBGl	OK
1742.00.03	placa	m151rjrbWXbBqyq56tly	UNCLEAR
2075.00.01	ruim	ny3E2DZImeZm00WLGZi9	MISPRONOUNCED
2124.00.01	rapariga	wxoDdfPKBuna5KnUEotz	MISPRONOUNCED
2124.00.02	rapariga	m151rjrbWXbBqyq56tly	MISPRONOUNCED
2173.00.01	meta	4r3G9XKliGgVZLKMgjik	OK
2626.00.01	ribeira	wxoDdfPKBuna5KnUEotz	OK
2626.00.02	ribeira	wxoDdfPKBuna5KnUEotz	OK
2710.00.01	herdar	m151rjrbWXbBqyq56tly	UNCLEAR
2712.00.01	carioca	4r3G9XKliGgVZLKMgjik	OK
2747.00.01	chance	wxoDdfPKBuna5KnUEotz	MISPRONOUNCED
2821.00.01	poço	m151rjrbWXbBqyq56tly	MISPRONOUNCED
2847.00.01	reto	AaeZyyi87RCxtFnHPS3e	MISPRONOUNCED
2851.00.01	paço	AaeZyyi87RCxtFnHPS3e	MISPRONOUNCED
2973.00.01	touro	m151rjrbWXbBqyq56tly	UNCLEAR
2994.00.01	seda	Rw38T6bn0lTNOb1aUevR	UNCLEAR
3009.00.01	proveniente	qPfM2laM0pRL4rrZtBGl	MISPRONOUNCED
3031.00.01	maré	m151rjrbWXbBqyq56tly	MISPRONOUNCED
3098.00.01	dose	qPfM2laM0pRL4rrZtBGl	OK
3203.00.01	referente	4r3G9XKliGgVZLKMgjik	OK
3322.00.01	tubo	ny3E2DZImeZm00WLGZi9	UNCLEAR
3426.00.01	elogio	4r3G9XKliGgVZLKMgjik	UNCLEAR
3457.00.01	remeter	Rw38T6bn0lTNOb1aUevR	MISPRONOUNCED
3597.00.01	turno	Rw38T6bn0lTNOb1aUevR	OK
3597.00.02	turno	m151rjrbWXbBqyq56tly	UNCLEAR
3599.00.01	descida	Rw38T6bn0lTNOb1aUevR	OK
3611.00.01	sindical	wxoDdfPKBuna5KnUEotz	MISPRONOUNCED
3659.00.01	sino	AaeZyyi87RCxtFnHPS3e	UNCLEAR
3664.00.01	malha	qPfM2laM0pRL4rrZtBGl	UNCLEAR
3664.00.02	malha	ny3E2DZImeZm00WLGZi9	UNCLEAR
3664.00.03	malha	m151rjrbWXbBqyq56tly	UNCLEAR
3704.00.01	fatal	4r3G9XKliGgVZLKMgjik	MISPRONOUNCED
3728.00.01	aranha	Rw38T6bn0lTNOb1aUevR	UNCLEAR
3732.00.01	aquando	xNGAXaCH8MaasNuo7Hr7	UNCLEAR
3742.00.01	reger	ny3E2DZImeZm00WLGZi9	UNCLEAR
3742.00.02	reger	Rw38T6bn0lTNOb1aUevR	MISPRONOUNCED
3742.00.03	reger	m151rjrbWXbBqyq56tly	MISPRONOUNCED
3821.00.01	manteiga	xNGAXaCH8MaasNuo7Hr7	MISPRONOUNCED
3877.00.01	cela	m151rjrbWXbBqyq56tly	MISPRONOUNCED
3879.00.01	sanção	m151rjrbWXbBqyq56tly	OK
3897.00.01	salarial	4r3G9XKliGgVZLKMgjik	UNANSWERED
3911.00.01	cova	m151rjrbWXbBqyq56tly	UNCLEAR
3911.00.02	cova	Rw38T6bn0lTNOb1aUevR	UNCLEAR
3911.00.03	cova	m151rjrbWXbBqyq56tly	UNCLEAR
3931.00.01	adeus	4r3G9XKliGgVZLKMgjik	MISPRONOUNCED
3954.00.01	eh	ny3E2DZImeZm00WLGZi9	OK
3976.00.01	tijolo	Rw38T6bn0lTNOb1aUevR	OK
4032.00.01	cesta	xNGAXaCH8MaasNuo7Hr7	OK
4032.00.02	cesta	Rw38T6bn0lTNOb1aUevR	OK
4032.00.03	cesta	m151rjrbWXbBqyq56tly	OK
4034.00.01	macio	AaeZyyi87RCxtFnHPS3e	UNCLEAR
4089.00.01	hospitalar	m151rjrbWXbBqyq56tly	OK
4125.00.01	batizar	4r3G9XKliGgVZLKMgjik	OK
4178.00.01	assente	4r3G9XKliGgVZLKMgjik	OK
4197.00.01	baía	Rw38T6bn0lTNOb1aUevR	OK
4227.00.01	doer	xNGAXaCH8MaasNuo7Hr7	UNCLEAR
4234.00.01	grade	ny3E2DZImeZm00WLGZi9	UNCLEAR
4234.00.02	grade	ny3E2DZImeZm00WLGZi9	MISPRONOUNCED
4267.00.01	judaico	m151rjrbWXbBqyq56tly	UNCLEAR
4380.00.01	casto	Rw38T6bn0lTNOb1aUevR	OK
4381.00.01	cera	Rw38T6bn0lTNOb1aUevR	UNCLEAR
4424.00.01	mouro	Rw38T6bn0lTNOb1aUevR	UNCLEAR
4491.00.01	revólver	qPfM2laM0pRL4rrZtBGl	MISPRONOUNCED
4501.00.01	suor	4r3G9XKliGgVZLKMgjik	UNCLEAR
4507.00.01	hino	4r3G9XKliGgVZLKMgjik	MISPRONOUNCED
4625.00.01	trajeto	wxoDdfPKBuna5KnUEotz	MISPRONOUNCED
4625.00.02	trajeto	wxoDdfPKBuna5KnUEotz	MISPRONOUNCED
4633.00.01	ceia	4r3G9XKliGgVZLKMgjik	UNCLEAR
4691.00.01	vulto	Rw38T6bn0lTNOb1aUevR	UNCLEAR
4691.00.02	vulto	m151rjrbWXbBqyq56tly	MISPRONOUNCED
4743.00.01	vice	m151rjrbWXbBqyq56tly	MISPRONOUNCED
4757.00.01	crente	4r3G9XKliGgVZLKMgjik	OK
4772.00.01	susceptível	m151rjrbWXbBqyq56tly	OK
4832.00.01	cavalheiro	4r3G9XKliGgVZLKMgjik	OK
4854.00.01	rito	ny3E2DZImeZm00WLGZi9	UNCLEAR
4863.00.01	decerto	m151rjrbWXbBqyq56tly	MISPRONOUNCED
4895.00.01	apreender	Rw38T6bn0lTNOb1aUevR	OK
4895.00.02	apreender	4r3G9XKliGgVZLKMgjik	UNCLEAR
4910.00.01	roer	4r3G9XKliGgVZLKMgjik	MISPRONOUNCED
4948.00.01	candeeiro	Rw38T6bn0lTNOb1aUevR	OK
4950.00.01	cimo	AaeZyyi87RCxtFnHPS3e	UNCLEAR
4981.00.01	feitio	4r3G9XKliGgVZLKMgjik	UNCLEAR
4981.00.02	feitio	m151rjrbWXbBqyq56tly	UNCLEAR
0153.00.01	hora	ny3E2DZImeZm00WLGZi9	OK
0200.00.01	real	m151rjrbWXbBqyq56tly	MISPRONOUNCED
0204.00.01	possível	4r3G9XKliGgVZLKMgjik	OK
0207.00.01	social	Rw38T6bn0lTNOb1aUevR	MISPRONOUNCED
0225.00.01	nacional	m151rjrbWXbBqyq56tly	OK
0408.00.01	capital	ny3E2DZImeZm00WLGZi9	MISPRONOUNCED
0408.00.02	capital	qPfM2laM0pRL4rrZtBGl	MISPRONOUNCED
0536.00.01	nível	xNGAXaCH8MaasNuo7Hr7	OK
0572.00.01	atual	4r3G9XKliGgVZLKMgjik	OK
0619.00.01	profissional	Rw38T6bn0lTNOb1aUevR	OK
1078.00.01	general	xNGAXaCH8MaasNuo7Hr7	MISPRONOUNCED
1193.00.01	tribunal	Rw38T6bn0lTNOb1aUevR	UNCLEAR
1324.00.01	industrial	m151rjrbWXbBqyq56tly	MISPRONOUNCED
1820.00.01	bar	ny3E2DZImeZm00WLGZi9	OK
2215.00.01	habitual	Rw38T6bn0lTNOb1aUevR	MISPRONOUNCED
2522.00.01	terror	m151rjrbWXbBqyq56tly	UNCLEAR
2874.00.01	combustível	Rw38T6bn0lTNOb1aUevR	OK
3013.00.01	jazz	m151rjrbWXbBqyq56tly	MISPRONOUNCED
3266.00.01	tropical	m151rjrbWXbBqyq56tly	MISPRONOUNCED
3383.00.01	ilegal	ny3E2DZImeZm00WLGZi9	UNCLEAR
3575.00.01	excepcional	AaeZyyi87RCxtFnHPS3e	OK
3799.00.01	têxtil	AaeZyyi87RCxtFnHPS3e	OK
3814.00.01	verbal	m151rjrbWXbBqyq56tly	MISPRONOUNCED
4389.00.01	marketing	Rw38T6bn0lTNOb1aUevR	UNCLEAR
4676.00.01	postal	m151rjrbWXbBqyq56tly	MISPRONOUNCED
0259.00.01	tarde	xNGAXaCH8MaasNuo7Hr7	OK
0719.00.01	oportunidade	4r3G9XKliGgVZLKMgjik	OK
1126.00.01	recente	4r3G9XKliGgVZLKMgjik	UNCLEAR
1175.00.01	agente	4r3G9XKliGgVZLKMgjik	MISPRONOUNCED
1430.00.01	geralmente	m151rjrbWXbBqyq56tly	OK
1721.00.01	existente	qPfM2laM0pRL4rrZtBGl	OK
1725.00.01	revolucionário	m151rjrbWXbBqyq56tly	OK
1771.00.01	rato	ny3E2DZImeZm00WLGZi9	MISPRONOUNCED
2040.00.01	concorrer	AaeZyyi87RCxtFnHPS3e	OK
2132.00.02	redação	m151rjrbWXbBqyq56tly	OK
2363.00.01	restaurante	AaeZyyi87RCxtFnHPS3e	OK
2632.00.01	saudade	qPfM2laM0pRL4rrZtBGl	OK
2754.00.01	essencialmente	4r3G9XKliGgVZLKMgjik	OK
3038.00.01	independentemente	Rw38T6bn0lTNOb1aUevR	OK
3234.00.01	bilhete	m151rjrbWXbBqyq56tly	OK
3341.00.01	ansiedade	ny3E2DZImeZm00WLGZi9	OK
3489.00.01	eventualmente	Rw38T6bn0lTNOb1aUevR	OK
3536.00.01	elite	Rw38T6bn0lTNOb1aUevR	MISPRONOUNCED
3587.00.01	fabricante	ny3E2DZImeZm00WLGZi9	OK
3753.00.01	nascente	m151rjrbWXbBqyq56tly	OK
3824.00.01	rasgar	AaeZyyi87RCxtFnHPS3e	OK
4064.00.01	variante	4r3G9XKliGgVZLKMgjik	MISPRONOUNCED
4098.00.01	regionalização	m151rjrbWXbBqyq56tly	OK
4153.00.01	complexidade	AaeZyyi87RCxtFnHPS3e	OK
4316.00.01	impressionante	m151rjrbWXbBqyq56tly	OK
4317.00.02	arrecadar	qPfM2laM0pRL4rrZtBGl	OK
4332.00.01	enterro	m151rjrbWXbBqyq56tly	UNCLEAR
4740.00.01	rodada	Rw38T6bn0lTNOb1aUevR	OK
0100.00.01	três	ny3E2DZImeZm00WLGZi9	OK
0316.00.01	espaço	4r3G9XKliGgVZLKMgjik	MISPRONOUNCED
0328.00.02	banco	Rw38T6bn0lTNOb1aUevR	OK
0378.00.01	mar	AaeZyyi87RCxtFnHPS3e	OK
1280.00.01	crescimento	wxoDdfPKBuna5KnUEotz	OK
1307.00.01	esconder	4r3G9XKliGgVZLKMgjik	OK
1375.00.01	ultrapassar	AaeZyyi87RCxtFnHPS3e	MISPRONOUNCED
1804.00.01	cama	4r3G9XKliGgVZLKMgjik	OK
1968.00.01	esquema	m151rjrbWXbBqyq56tly	OK
2601.00.01	descansar	Rw38T6bn0lTNOb1aUevR	OK
4040.00.01	sistemático	Rw38T6bn0lTNOb1aUevR	OK
4120.00.01	desprezo	Rw38T6bn0lTNOb1aUevR	OK
4551.00.01	espinha	Rw38T6bn0lTNOb1aUevR	OK
0490.00.01	programa	m151rjrbWXbBqyq56tly	OK
0564.00.02	marcar	xNGAXaCH8MaasNuo7Hr7	OK
1410.00.01	corda	4r3G9XKliGgVZLKMgjik	OK
1696.00.01	obrigado	AaeZyyi87RCxtFnHPS3e	OK
1734.00.01	concerto	Rw38T6bn0lTNOb1aUevR	MISPRONOUNCED
2817.00.01	tecnológico	ny3E2DZImeZm00WLGZi9	OK
