sense_id	pt	voice_id	user_label	judge_verdict	judge_confidence	priority	risk_patterns
0662.00.01	série	4r3G9XKliGgVZLKMgjik	MISPRONOUNCED	bp_ok	high	P0	user_reported
0664.00.01	face	m151rjrbWXbBqyq56tly	MISPRONOUNCED	bp_ok	high	P0	final_unstressed_e,same_spelling_en_pt,user_reported
0867.00.01	cara	Rw38T6bn0lTNOb1aUevR	MISPRONOUNCED	bp_ok	high	P0	spanish_collision,user_reported
0887.00.01	roda	qPfM2laM0pRL4rrZtBGl	MISPRONOUNCED	bp_ok	high	P0	initial_r_or_rr,user_reported
0937.00.01	sede	Rw38T6bn0lTNOb1aUevR	MISPRONOUNCED	bp_ok	high	P0	de_te_palatalization,final_unstressed_e,user_reported
1125.00.01	policial	m151rjrbWXbBqyq56tly	MISPRONOUNCED	bp_ok	high	P0	final_l_vocalization,user_reported
1125.00.02	policial	4r3G9XKliGgVZLKMgjik	MISPRONOUNCED	bp_ok	high	P0	final_l_vocalization,user_reported
1365.00.02	sorte	4r3G9XKliGgVZLKMgjik	MISPRONOUNCED	bp_ok	high	P0	de_te_palatalization,final_unstressed_e,user_reported
1473.00.02	recorrer	m151rjrbWXbBqyq56tly	MISPRONOUNCED	bp_ok	high	P0	initial_r_or_rr,user_reported
2075.00.01	ruim	ny3E2DZImeZm00WLGZi9	MISPRONOUNCED	non_bp	high	P0	initial_r_or_rr,user_reported
2124.00.01	rapariga	wxoDdfPKBuna5KnUEotz	MISPRONOUNCED	non_bp	high	P0	initial_r_or_rr,user_reported
2124.00.02	rapariga	m151rjrbWXbBqyq56tly	MISPRONOUNCED	non_bp	high	P0	initial_r_or_rr,user_reported
2747.00.01	chance	wxoDdfPKBuna5KnUEotz	MISPRONOUNCED	non_bp	high	P0	final_unstressed_e,same_spelling_en_pt,user_reported
2821.00.01	poço	m151rjrbWXbBqyq56tly	MISPRONOUNCED	bp_ok	high	P0	user_reported
2847.00.01	reto	AaeZyyi87RCxtFnHPS3e	MISPRONOUNCED	bp_ok	high	P0	initial_r_or_rr,user_reported
2851.00.01	paço	AaeZyyi87RCxtFnHPS3e	MISPRONOUNCED	bp_ok	high	P0	user_reported
3009.00.01	proveniente	qPfM2laM0pRL4rrZtBGl	MISPRONOUNCED	non_bp	high	P0	de_te_palatalization,final_unstressed_e,user_reported
3031.00.01	maré	m151rjrbWXbBqyq56tly	MISPRONOUNCED	non_bp	high	P0	user_reported
3457.00.01	remeter	Rw38T6bn0lTNOb1aUevR	MISPRONOUNCED	bp_ok	high	P0	initial_r_or_rr,user_reported
3611.00.01	sindical	wxoDdfPKBuna5KnUEotz	MISPRONOUNCED	non_bp	high	P0	final_l_vocalization,user_reported
3704.00.01	fatal	4r3G9XKliGgVZLKMgjik	MISPRONOUNCED	bp_ok	high	P0	final_l_vocalization,same_spelling_en_pt,user_reported
3742.00.02	reger	Rw38T6bn0lTNOb1aUevR	MISPRONOUNCED	bp_ok	high	P0	initial_r_or_rr,user_reported
3742.00.03	reger	m151rjrbWXbBqyq56tly	MISPRONOUNCED	non_bp	high	P0	initial_r_or_rr,user_reported
3821.00.01	manteiga	xNGAXaCH8MaasNuo7Hr7	MISPRONOUNCED	bp_ok	high	P0	user_reported
3877.00.01	cela	m151rjrbWXbBqyq56tly	MISPRONOUNCED	bp_ok	high	P0	user_reported
3931.00.01	adeus	4r3G9XKliGgVZLKMgjik	MISPRONOUNCED	non_bp	high	P0	user_reported
3976.00.01	tijolo	Rw38T6bn0lTNOb1aUevR	OK	non_bp	high	P0	user_reported
4234.00.02	grade	ny3E2DZImeZm00WLGZi9	MISPRONOUNCED	bp_ok	high	P0	de_te_palatalization,final_unstressed_e,user_reported
4491.00.01	revólver	qPfM2laM0pRL4rrZtBGl	MISPRONOUNCED	bp_ok	high	P0	initial_r_or_rr,user_reported
4507.00.01	hino	4r3G9XKliGgVZLKMgjik	MISPRONOUNCED	bp_ok	high	P0	h_initial_english_risk,user_reported
4625.00.01	trajeto	wxoDdfPKBuna5KnUEotz	MISPRONOUNCED	bp_ok	high	P0	user_reported
4625.00.02	trajeto	wxoDdfPKBuna5KnUEotz	MISPRONOUNCED	bp_ok	high	P0	user_reported
4691.00.02	vulto	m151rjrbWXbBqyq56tly	MISPRONOUNCED	bp_ok	high	P0	user_reported
4743.00.01	vice	m151rjrbWXbBqyq56tly	MISPRONOUNCED	bp_ok	high	P0	final_unstressed_e,same_spelling_en_pt,user_reported
4863.00.01	decerto	m151rjrbWXbBqyq56tly	MISPRONOUNCED	bp_ok	high	P0	user_reported
4895.00.01	apreender	Rw38T6bn0lTNOb1aUevR	OK	non_bp	high	P0	user_reported
4910.00.01	roer	4r3G9XKliGgVZLKMgjik	MISPRONOUNCED	bp_ok	high	P0	initial_r_or_rr,user_reported
0200.00.01	real	m151rjrbWXbBqyq56tly	MISPRONOUNCED	bp_ok	high	P1	final_l_vocalization,initial_r_or_rr,same_spelling_en_pt
0207.00.01	social	Rw38T6bn0lTNOb1aUevR	MISPRONOUNCED	bp_ok	high	P1	final_l_vocalization,same_spelling_en_pt
0408.00.01	capital	ny3E2DZImeZm00WLGZi9	MISPRONOUNCED	bp_ok	high	P1	final_l_vocalization
0408.00.02	capital	qPfM2laM0pRL4rrZtBGl	MISPRONOUNCED	non_bp	high	P1	final_l_vocalization
1078.00.01	general	xNGAXaCH8MaasNuo7Hr7	MISPRONOUNCED	bp_ok	high	P1	final_l_vocalization,same_spelling_en_pt
1324.00.01	industrial	m151rjrbWXbBqyq56tly	MISPRONOUNCED	bp_ok	high	P1	coda_s_ep_risk,final_l_vocalization
2215.00.01	habitual	Rw38T6bn0lTNOb1aUevR	MISPRONOUNCED	bp_ok	high	P1	final_l_vocalization,h_initial_english_risk
3013.00.01	jazz	m151rjrbWXbBqyq56tly	MISPRONOUNCED	non_bp	high	P1	english_loanword
3266.00.01	tropical	m151rjrbWXbBqyq56tly	MISPRONOUNCED	bp_ok	high	P1	final_l_vocalization
3814.00.01	verbal	m151rjrbWXbBqyq56tly	MISPRONOUNCED	non_bp	high	P1	final_l_vocalization
4676.00.01	postal	m151rjrbWXbBqyq56tly	MISPRONOUNCED	bp_ok	high	P1	coda_s_ep_risk,final_l_vocalization
1175.00.01	agente	4r3G9XKliGgVZLKMgjik	MISPRONOUNCED	bp_ok	high	P2	de_te_palatalization,final_unstressed_e
1771.00.01	rato	ny3E2DZImeZm00WLGZi9	MISPRONOUNCED	bp_ok	high	P2	initial_r_or_rr,spanish_collision
3536.00.01	elite	Rw38T6bn0lTNOb1aUevR	MISPRONOUNCED	bp_ok	high	P2	de_te_palatalization,final_unstressed_e,french_loanword
4064.00.01	variante	4r3G9XKliGgVZLKMgjik	MISPRONOUNCED	bp_ok	high	P2	de_te_palatalization,final_unstressed_e
0316.00.01	espaço	4r3G9XKliGgVZLKMgjik	MISPRONOUNCED	bp_ok	high	P3	coda_s_ep_risk
1375.00.01	ultrapassar	AaeZyyi87RCxtFnHPS3e	MISPRONOUNCED	bp_ok	high	P3	coda_s_ep_risk
1734.00.01	concerto	Rw38T6bn0lTNOb1aUevR	MISPRONOUNCED	bp_ok	high	—	none
