sense_id	clip_type	voice_id	input_text	asr_transcript	similarity	phonetic_distance	url	added_at	notes
0503.00.03	word	uju3wxzG5OhpWcoi3SMy	quarto	quartos	0.8571		https://pub-155fa287ae724688aaa870d99135311a.r2.dev/audio/0503.00.03-word-v3.mp3	2026-05-09T23:56:38.784356+00:00	still failing after regen-human-queue v3: v3 regen
0564.00.02	word	xNGAXaCH8MaasNuo7Hr7	marcar	Mascar.	0.8333		https://pub-155fa287ae724688aaa870d99135311a.r2.dev/audio/0564.00.02-word-v3.mp3	2026-05-09T23:56:38.784397+00:00	still failing after regen-human-queue v3: v3 regen
0662.00.01	word	uju3wxzG5OhpWcoi3SMy	série	Séria?	0.8		https://pub-155fa287ae724688aaa870d99135311a.r2.dev/audio/0662.00.01-word-v3.mp3	2026-05-09T23:56:38.784437+00:00	still failing after regen-human-queue v3: v3 regen
0664.00.01	word	m151rjrbWXbBqyq56tly	face	Fez.	0.25		https://pub-155fa287ae724688aaa870d99135311a.r2.dev/audio/0664.00.01-word-v3.mp3	2026-05-09T23:56:38.784448+00:00	still failing after regen-human-queue v3: v3 regen
0665.00.01	word	wxoDdfPKBuna5KnUEotz	supor	Suport.	0.8333		https://pub-155fa287ae724688aaa870d99135311a.r2.dev/audio/0665.00.01-word-v3.mp3	2026-05-09T23:56:38.784457+00:00	still failing after regen-human-queue v3: v3 regen
0672.00.01	word	4za2kOXGgUd57HRSQ1fn	fase	Face.	0.75		https://pub-155fa287ae724688aaa870d99135311a.r2.dev/audio/0672.00.01-word-v3.mp3	2026-05-09T23:56:38.784466+00:00	still failing after regen-human-queue v3: v3 regen
0810.00.01	word	xNGAXaCH8MaasNuo7Hr7	pesar	Pensar	0.8333		https://pub-155fa287ae724688aaa870d99135311a.r2.dev/audio/0810.00.01-word-v3.mp3	2026-05-09T23:56:38.784479+00:00	still failing after regen-human-queue v3: v3 regen
0858.00.01	word	uju3wxzG5OhpWcoi3SMy	data	Deda.	0.5		https://pub-155fa287ae724688aaa870d99135311a.r2.dev/audio/0858.00.01-word-v3.mp3	2026-05-09T23:56:38.784506+00:00	still failing after regen-human-queue v3: v3 regen
0867.00.01	word	Rw38T6bn0lTNOb1aUevR	cara	Tcharã!	0.6667		https://pub-155fa287ae724688aaa870d99135311a.r2.dev/audio/0867.00.01-word-v3.mp3	2026-05-09T23:56:38.784515+00:00	still failing after regen-human-queue v3: v3 regen
0877.00.01	word	uju3wxzG5OhpWcoi3SMy	impor	Empor.	0.8		https://pub-155fa287ae724688aaa870d99135311a.r2.dev/audio/0877.00.01-word-v3.mp3	2026-05-09T23:56:38.784528+00:00	still failing after regen-human-queue v3: v3 regen
0887.00.01	word	qPfM2laM0pRL4rrZtBGl	roda	Rodar	0.8		https://pub-155fa287ae724688aaa870d99135311a.r2.dev/audio/0887.00.01-word-v3.mp3	2026-05-09T23:56:38.784539+00:00	still failing after regen-human-queue v3: v3 regen
0937.00.02	word	qPfM2laM0pRL4rrZtBGl	sede	Cede.	0.75		https://pub-155fa287ae724688aaa870d99135311a.r2.dev/audio/0937.00.02-word-v3.mp3	2026-05-09T23:56:38.784551+00:00	still failing after regen-human-queue v3: v3 regen
0980.00.01	word	m151rjrbWXbBqyq56tly	conter	Contei	0.8333		https://pub-155fa287ae724688aaa870d99135311a.r2.dev/audio/0980.00.01-word-v3.mp3	2026-05-09T23:56:38.784560+00:00	still failing after regen-human-queue v3: v3 regen
0983.00.01	word	m151rjrbWXbBqyq56tly	trás	Traz.	0.75		https://pub-155fa287ae724688aaa870d99135311a.r2.dev/audio/0983.00.01-word-v3.mp3	2026-05-09T23:56:38.784568+00:00	still failing after regen-human-queue v3: v3 regen
1034.00.01	word	Rw38T6bn0lTNOb1aUevR	puro	Pro.	0.75		https://pub-155fa287ae724688aaa870d99135311a.r2.dev/audio/1034.00.01-word-v3.mp3	2026-05-09T23:56:38.784576+00:00	still failing after regen-human-queue v3: v3 regen
1108.00.01	word	wxoDdfPKBuna5KnUEotz	praça	Passa.	0.4		https://pub-155fa287ae724688aaa870d99135311a.r2.dev/audio/1108.00.01-word-v3.mp3	2026-05-09T23:56:38.784584+00:00	still failing after regen-human-queue v3: v3 regen
1125.00.01	word	m151rjrbWXbBqyq56tly	policial	Polichal	0.875		https://pub-155fa287ae724688aaa870d99135311a.r2.dev/audio/1125.00.01-word-v3.mp3	2026-05-09T23:56:38.784601+00:00	still failing after regen-human-queue v3: v3 regen
1125.00.02	word	uju3wxzG5OhpWcoi3SMy	policial	Polichil	0.75		https://pub-155fa287ae724688aaa870d99135311a.r2.dev/audio/1125.00.02-word-v3.mp3	2026-05-09T23:56:38.784610+00:00	still failing after regen-human-queue v3: v3 regen
1165.00.01	word	Rw38T6bn0lTNOb1aUevR	gado	Cado.	0.75		https://pub-155fa287ae724688aaa870d99135311a.r2.dev/audio/1165.00.01-word-v3.mp3	2026-05-09T23:56:38.784625+00:00	still failing after regen-human-queue v3: v3 regen
1173.00.01	example	ny3E2DZImeZm00WLGZi9	Meu avô tem 80 anos e ainda é muito ativo.	Meu avô tem oitenta anos e ainda é muito ativo.	0.8478		https://pub-155fa287ae724688aaa870d99135311a.r2.dev/audio/1173.00.01-ex-v3.mp3	2026-05-09T23:56:38.784635+00:00	still failing after regen-human-queue v3: v3 regen
1365.00.02	word	uju3wxzG5OhpWcoi3SMy	sorte	Sortem.	0.8333		https://pub-155fa287ae724688aaa870d99135311a.r2.dev/audio/1365.00.02-word-v3.mp3	2026-05-09T23:56:38.784652+00:00	still failing after regen-human-queue v3: v3 regen
1406.00.01	word	xNGAXaCH8MaasNuo7Hr7	deitar	Deita!	0.8333		https://pub-155fa287ae724688aaa870d99135311a.r2.dev/audio/1406.00.01-word-v3.mp3	2026-05-09T23:56:38.784660+00:00	still failing after regen-human-queue v3: v3 regen
1473.00.01	word	m151rjrbWXbBqyq56tly	recorrer	Recorrei	0.875		https://pub-155fa287ae724688aaa870d99135311a.r2.dev/audio/1473.00.01-word-v3.mp3	2026-05-09T23:56:38.784676+00:00	still failing after regen-human-queue v3: v3 regen
1483.00.01	word	uju3wxzG5OhpWcoi3SMy	vara	Bora.	0.5		https://pub-155fa287ae724688aaa870d99135311a.r2.dev/audio/1483.00.01-word-v3.mp3	2026-05-09T23:56:38.784684+00:00	still failing after regen-human-queue v3: v3 regen
1551.00.01	word	wxoDdfPKBuna5KnUEotz	mata	Matar.	0.8		https://pub-155fa287ae724688aaa870d99135311a.r2.dev/audio/1551.00.01-word-v3.mp3	2026-05-09T23:56:38.784697+00:00	still failing after regen-human-queue v3: v3 regen
1595.00.01	word	uju3wxzG5OhpWcoi3SMy	caça	Casa.	0.75		https://pub-155fa287ae724688aaa870d99135311a.r2.dev/audio/1595.00.01-word-v3.mp3	2026-05-09T23:56:38.784705+00:00	still failing after regen-human-queue v3: v3 regen
1606.00.01	word	Rw38T6bn0lTNOb1aUevR	serra	Será.	0.8		https://pub-155fa287ae724688aaa870d99135311a.r2.dev/audio/1606.00.01-word-v3.mp3	2026-05-09T23:56:38.784714+00:00	still failing after regen-human-queue v3: v3 regen
1606.00.02	word	ny3E2DZImeZm00WLGZi9	serra	Será?	0.8		https://pub-155fa287ae724688aaa870d99135311a.r2.dev/audio/1606.00.02-word-v3.mp3	2026-05-09T23:56:38.784721+00:00	still failing after regen-human-queue v3: v3 regen
1628.00.01	word	m151rjrbWXbBqyq56tly	seção	Sessão.	0.6667		https://pub-155fa287ae724688aaa870d99135311a.r2.dev/audio/1628.00.01-word-v3.mp3	2026-05-09T23:56:38.784730+00:00	still failing after regen-human-queue v3: v3 regen
1661.00.01	word	m151rjrbWXbBqyq56tly	vasto	Gosto.	0.6		https://pub-155fa287ae724688aaa870d99135311a.r2.dev/audio/1661.00.01-word-v3.mp3	2026-05-09T23:56:38.784737+00:00	still failing after regen-human-queue v3: v3 regen
1669.00.01	example	ny3E2DZImeZm00WLGZi9	A frequência do ônibus é de 20 minutos.	A frequência do ônibus é de vinte minutos.	0.878		https://pub-155fa287ae724688aaa870d99135311a.r2.dev/audio/1669.00.01-ex-v3.mp3	2026-05-09T23:56:38.784745+00:00	still failing after regen-human-queue v3: v3 regen
1673.00.01	word	qPfM2laM0pRL4rrZtBGl	fiel	Fil.	0.75		https://pub-155fa287ae724688aaa870d99135311a.r2.dev/audio/1673.00.01-word-v3.mp3	2026-05-09T23:56:38.784753+00:00	still failing after regen-human-queue v3: v3 regen
1682.00.01	word	xNGAXaCH8MaasNuo7Hr7	visar	Vissar.	0.8333		https://pub-155fa287ae724688aaa870d99135311a.r2.dev/audio/1682.00.01-word-v3.mp3	2026-05-09T23:56:38.784761+00:00	still failing after regen-human-queue v3: v3 regen
1709.00.01	word	uju3wxzG5OhpWcoi3SMy	capa	Capô.	0.75		https://pub-155fa287ae724688aaa870d99135311a.r2.dev/audio/1709.00.01-word-v3.mp3	2026-05-09T23:56:38.784769+00:00	still failing after regen-human-queue v3: v3 regen
1742.00.02	word	qPfM2laM0pRL4rrZtBGl	placa	Plaza.	0.8		https://pub-155fa287ae724688aaa870d99135311a.r2.dev/audio/1742.00.02-word-v3.mp3	2026-05-09T23:56:38.784781+00:00	still failing after regen-human-queue v3: v3 regen
1773.00.01	word	m151rjrbWXbBqyq56tly	inúmero	E número?	0.75		https://pub-155fa287ae724688aaa870d99135311a.r2.dev/audio/1773.00.01-word-v3.mp3	2026-05-09T23:56:38.784800+00:00	still failing after regen-human-queue v3: v3 regen
1866.00.01	word	ny3E2DZImeZm00WLGZi9	judeu	Judo.	0.6		https://pub-155fa287ae724688aaa870d99135311a.r2.dev/audio/1866.00.01-word-v3.mp3	2026-05-09T23:56:38.784837+00:00	still failing after regen-human-queue v3: v3 regen
1958.00.01	word	m151rjrbWXbBqyq56tly	concelho	Conselho	0.875		https://pub-155fa287ae724688aaa870d99135311a.r2.dev/audio/1958.00.01-word-v3.mp3	2026-05-09T23:56:38.784846+00:00	still failing after regen-human-queue v3: v3 regen
1958.00.02	word	uju3wxzG5OhpWcoi3SMy	concelho	Conselho	0.875		https://pub-155fa287ae724688aaa870d99135311a.r2.dev/audio/1958.00.02-word-v3.mp3	2026-05-09T23:56:38.784854+00:00	still failing after regen-human-queue v3: v3 regen
1958.00.01	example	m151rjrbWXbBqyq56tly	O concelho tem uma população de cerca de 50 mil habitantes.	O concelho tem uma população de cerca de cinquenta mil habitantes.	0.8615		https://pub-155fa287ae724688aaa870d99135311a.r2.dev/audio/1958.00.01-ex-v3.mp3	2026-05-09T23:56:38.784862+00:00	still failing after regen-human-queue v3: v3 regen
2043.00.01	word	4za2kOXGgUd57HRSQ1fn	arco	Parco.	0.8		https://pub-155fa287ae724688aaa870d99135311a.r2.dev/audio/2043.00.01-word-v3.mp3	2026-05-09T23:56:38.784874+00:00	still failing after regen-human-queue v3: v3 regen
2046.00.01	word	wxoDdfPKBuna5KnUEotz	escravo	Escavo.	0.8571		https://pub-155fa287ae724688aaa870d99135311a.r2.dev/audio/2046.00.01-word-v3.mp3	2026-05-09T23:56:38.784882+00:00	still failing after regen-human-queue v3: v3 regen
2075.00.01	word	ny3E2DZImeZm00WLGZi9	ruim	Raim	0.75		https://pub-155fa287ae724688aaa870d99135311a.r2.dev/audio/2075.00.01-word-v3.mp3	2026-05-09T23:56:38.784895+00:00	still failing after regen-human-queue v3: v3 regen
2092.00.01	example	m151rjrbWXbBqyq56tly	Einstein foi um cientista notável do século vinte.	Einstein foi um cientista notável do século XX.	0.898		https://pub-155fa287ae724688aaa870d99135311a.r2.dev/audio/2092.00.01-ex-v3.mp3	2026-05-09T23:56:38.784915+00:00	still failing after regen-human-queue v3: v3 regen
2103.00.01	word	m151rjrbWXbBqyq56tly	tecer	TC.	0.4		https://pub-155fa287ae724688aaa870d99135311a.r2.dev/audio/2103.00.01-word-v3.mp3	2026-05-09T23:56:38.784926+00:00	still failing after regen-human-queue v3: v3 regen
2124.00.01	word	wxoDdfPKBuna5KnUEotz	rapariga	La pariga.	0.7778		https://pub-155fa287ae724688aaa870d99135311a.r2.dev/audio/2124.00.01-word-v3.mp3	2026-05-09T23:56:38.784935+00:00	still failing after regen-human-queue v3: v3 regen
2124.00.02	word	m151rjrbWXbBqyq56tly	rapariga	Napari ga.	0.7778		https://pub-155fa287ae724688aaa870d99135311a.r2.dev/audio/2124.00.02-word-v3.mp3	2026-05-09T23:56:38.784942+00:00	still failing after regen-human-queue v3: v3 regen
2173.00.01	word	uju3wxzG5OhpWcoi3SMy	meta	Meida	0.6		https://pub-155fa287ae724688aaa870d99135311a.r2.dev/audio/2173.00.01-word-v3.mp3	2026-05-09T23:56:38.784951+00:00	still failing after regen-human-queue v3: v3 regen
2199.00.02	example	m151rjrbWXbBqyq56tly	O livro é muito gordo, tem mais de 500 páginas.	O livro é muito gordo, tem mais de quinhentas páginas.	0.8077		https://pub-155fa287ae724688aaa870d99135311a.r2.dev/audio/2199.00.02-ex-v3.mp3	2026-05-09T23:56:38.784963+00:00	still failing after regen-human-queue v3: v3 regen
2214.00.01	word	Rw38T6bn0lTNOb1aUevR	convição	Convicção	0.8889		https://pub-155fa287ae724688aaa870d99135311a.r2.dev/audio/2214.00.01-word-v3.mp3	2026-05-09T23:56:38.784971+00:00	still failing after regen-human-queue v3: v3 regen
2224.00.01	example	wxoDdfPKBuna5KnUEotz	Há árvores ao redor da casa.	A arborização ao redor da casa.	0.7333		https://pub-155fa287ae724688aaa870d99135311a.r2.dev/audio/2224.00.01-ex-v3.mp3	2026-05-09T23:56:38.784983+00:00	still failing after regen-human-queue v3: v3 regen
2402.00.02	word	xNGAXaCH8MaasNuo7Hr7	tinta	Cinta.	0.8		https://pub-155fa287ae724688aaa870d99135311a.r2.dev/audio/2402.00.02-word-v3.mp3	2026-05-09T23:56:38.784995+00:00	still failing after regen-human-queue v3: v3 regen
2423.00.03	word	m151rjrbWXbBqyq56tly	porte	Porta.	0.8		https://pub-155fa287ae724688aaa870d99135311a.r2.dev/audio/2423.00.03-word-v3.mp3	2026-05-09T23:56:38.785004+00:00	still failing after regen-human-queue v3: v3 regen
2549.00.01	word	4za2kOXGgUd57HRSQ1fn	porquê	Por quê?	0.8571		https://pub-155fa287ae724688aaa870d99135311a.r2.dev/audio/2549.00.01-word-v3.mp3	2026-05-09T23:56:38.785012+00:00	still failing after regen-human-queue v3: v3 regen
2626.00.02	word	wxoDdfPKBuna5KnUEotz	ribeira	Ribera.	0.8571		https://pub-155fa287ae724688aaa870d99135311a.r2.dev/audio/2626.00.02-word-v3.mp3	2026-05-09T23:56:38.785023+00:00	still failing after regen-human-queue v3: v3 regen
2634.00.01	word	m151rjrbWXbBqyq56tly	senso	Censo.	0.8		https://pub-155fa287ae724688aaa870d99135311a.r2.dev/audio/2634.00.01-word-v3.mp3	2026-05-09T23:56:38.785032+00:00	still failing after regen-human-queue v3: v3 regen
2710.00.01	word	m151rjrbWXbBqyq56tly	herdar	Erdar?	0.8333		https://pub-155fa287ae724688aaa870d99135311a.r2.dev/audio/2710.00.01-word-v3.mp3	2026-05-09T23:56:38.785040+00:00	still failing after regen-human-queue v3: v3 regen
2719.00.02	word	uju3wxzG5OhpWcoi3SMy	alheio	Aleiu.	0.6667		https://pub-155fa287ae724688aaa870d99135311a.r2.dev/audio/2719.00.02-word-v3.mp3	2026-05-09T23:56:38.785048+00:00	still failing after regen-human-queue v3: v3 regen
2747.00.01	word	wxoDdfPKBuna5KnUEotz	chance	Tchau.	0.3333		https://pub-155fa287ae724688aaa870d99135311a.r2.dev/audio/2747.00.01-word-v3.mp3	2026-05-09T23:56:38.785056+00:00	still failing after regen-human-queue v3: v3 regen
2796.00.01	word	qPfM2laM0pRL4rrZtBGl	amostra	A mostra	0.875		https://pub-155fa287ae724688aaa870d99135311a.r2.dev/audio/2796.00.01-word-v3.mp3	2026-05-09T23:56:38.785064+00:00	still failing after regen-human-queue v3: v3 regen
2808.00.01	word	xNGAXaCH8MaasNuo7Hr7	satisfeito	Está feito.	0.6		https://pub-155fa287ae724688aaa870d99135311a.r2.dev/audio/2808.00.01-word-v3.mp3	2026-05-09T23:56:38.785077+00:00	still failing after regen-human-queue v3: v3 regen
2821.00.01	word	m151rjrbWXbBqyq56tly	poço	Poto.	0.75		https://pub-155fa287ae724688aaa870d99135311a.r2.dev/audio/2821.00.01-word-v3.mp3	2026-05-09T23:56:38.785086+00:00	still failing after regen-human-queue v3: v3 regen
2847.00.01	word	4za2kOXGgUd57HRSQ1fn	reto	Leto.	0.75		https://pub-155fa287ae724688aaa870d99135311a.r2.dev/audio/2847.00.01-word-v3.mp3	2026-05-09T23:56:38.785094+00:00	still failing after regen-human-queue v3: v3 regen
2851.00.01	word	4za2kOXGgUd57HRSQ1fn	paço	Pato.	0.75		https://pub-155fa287ae724688aaa870d99135311a.r2.dev/audio/2851.00.01-word-v3.mp3	2026-05-09T23:56:38.785102+00:00	still failing after regen-human-queue v3: v3 regen
2916.00.01	word	xNGAXaCH8MaasNuo7Hr7	aperceber	A perceber.	0.9		https://pub-155fa287ae724688aaa870d99135311a.r2.dev/audio/2916.00.01-word-v3.mp3	2026-05-09T23:56:38.785122+00:00	still failing after regen-human-queue v3: v3 regen
2973.00.01	word	m151rjrbWXbBqyq56tly	touro	Duro.	0.6		https://pub-155fa287ae724688aaa870d99135311a.r2.dev/audio/2973.00.01-word-v3.mp3	2026-05-09T23:56:38.785131+00:00	still failing after regen-human-queue v3: v3 regen
2994.00.01	word	Rw38T6bn0lTNOb1aUevR	seda	Cê dá.	0.6		https://pub-155fa287ae724688aaa870d99135311a.r2.dev/audio/2994.00.01-word-v3.mp3	2026-05-09T23:56:38.785139+00:00	still failing after regen-human-queue v3: v3 regen
3031.00.01	word	m151rjrbWXbBqyq56tly	maré	Marry.	0.6		https://pub-155fa287ae724688aaa870d99135311a.r2.dev/audio/3031.00.01-word-v3.mp3	2026-05-09T23:56:38.785146+00:00	still failing after regen-human-queue v3: v3 regen
3098.00.01	word	qPfM2laM0pRL4rrZtBGl	dose	Doze	0.75		https://pub-155fa287ae724688aaa870d99135311a.r2.dev/audio/3098.00.01-word-v3.mp3	2026-05-09T23:56:38.785159+00:00	still failing after regen-human-queue v3: v3 regen
3203.00.01	word	uju3wxzG5OhpWcoi3SMy	referente	referentes	0.9		https://pub-155fa287ae724688aaa870d99135311a.r2.dev/audio/3203.00.01-word-v3.mp3	2026-05-09T23:56:38.785171+00:00	still failing after regen-human-queue v3: v3 regen
3240.00.01	word	Rw38T6bn0lTNOb1aUevR	selo	Selou.	0.8		https://pub-155fa287ae724688aaa870d99135311a.r2.dev/audio/3240.00.01-word-v3.mp3	2026-05-09T23:56:38.785186+00:00	still failing after regen-human-queue v3: v3 regen
3322.00.01	word	ny3E2DZImeZm00WLGZi9	tubo	tubão	0.8		https://pub-155fa287ae724688aaa870d99135311a.r2.dev/audio/3322.00.01-word-v3.mp3	2026-05-09T23:56:38.785194+00:00	still failing after regen-human-queue v3: v3 regen
3352.00.01	word	ny3E2DZImeZm00WLGZi9	comprimento	Cumprimento	0.9091		https://pub-155fa287ae724688aaa870d99135311a.r2.dev/audio/3352.00.01-word-v3.mp3	2026-05-09T23:56:38.785203+00:00	still failing after regen-human-queue v3: v3 regen
3354.00.01	example	wxoDdfPKBuna5KnUEotz	João e Maria têm 20 e 18 anos, respectivamente.	João e Maria têm vinte e dezoito anos, respectivamente.	0.7736		https://pub-155fa287ae724688aaa870d99135311a.r2.dev/audio/3354.00.01-ex-v3.mp3	2026-05-09T23:56:38.785215+00:00	still failing after regen-human-queue v3: v3 regen
3387.00.01	word	xNGAXaCH8MaasNuo7Hr7	calhar	Calar.	0.8333		https://pub-155fa287ae724688aaa870d99135311a.r2.dev/audio/3387.00.01-word-v3.mp3	2026-05-09T23:56:38.785223+00:00	still failing after regen-human-queue v3: v3 regen
3426.00.01	word	uju3wxzG5OhpWcoi3SMy	elogio	Elogium?	0.7143		https://pub-155fa287ae724688aaa870d99135311a.r2.dev/audio/3426.00.01-word-v3.mp3	2026-05-09T23:56:38.785231+00:00	still failing after regen-human-queue v3: v3 regen
3438.00.01	word	Rw38T6bn0lTNOb1aUevR	coro	Corou.	0.8		https://pub-155fa287ae724688aaa870d99135311a.r2.dev/audio/3438.00.01-word-v3.mp3	2026-05-09T23:56:38.785239+00:00	still failing after regen-human-queue v3: v3 regen
3457.00.01	word	Rw38T6bn0lTNOb1aUevR	remeter	Gemetê.	0.7143		https://pub-155fa287ae724688aaa870d99135311a.r2.dev/audio/3457.00.01-word-v3.mp3	2026-05-09T23:56:38.785252+00:00	still failing after regen-human-queue v3: v3 regen
3480.00.01	word	wxoDdfPKBuna5KnUEotz	ascensão	Atenção.	0.625		https://pub-155fa287ae724688aaa870d99135311a.r2.dev/audio/3480.00.01-word-v3.mp3	2026-05-09T23:56:38.785264+00:00	still failing after regen-human-queue v3: v3 regen
3597.00.02	word	m151rjrbWXbBqyq56tly	turno	Urno?	0.8		https://pub-155fa287ae724688aaa870d99135311a.r2.dev/audio/3597.00.02-word-v3.mp3	2026-05-09T23:56:38.785291+00:00	still failing after regen-human-queue v3: v3 regen
3599.00.01	word	Rw38T6bn0lTNOb1aUevR	descida	Decida.	0.8571		https://pub-155fa287ae724688aaa870d99135311a.r2.dev/audio/3599.00.01-word-v3.mp3	2026-05-09T23:56:38.785299+00:00	still failing after regen-human-queue v3: v3 regen
3611.00.01	word	wxoDdfPKBuna5KnUEotz	sindical	Sendo cool?	0.5		https://pub-155fa287ae724688aaa870d99135311a.r2.dev/audio/3611.00.01-word-v3.mp3	2026-05-09T23:56:38.785308+00:00	still failing after regen-human-queue v3: v3 regen
3648.00.01	word	Rw38T6bn0lTNOb1aUevR	tristeza	Tristeça.	0.875		https://pub-155fa287ae724688aaa870d99135311a.r2.dev/audio/3648.00.01-word-v3.mp3	2026-05-09T23:56:38.785320+00:00	still failing after regen-human-queue v3: v3 regen
3659.00.01	word	4za2kOXGgUd57HRSQ1fn	sino	Senó	0.75		https://pub-155fa287ae724688aaa870d99135311a.r2.dev/audio/3659.00.01-word-v3.mp3	2026-05-09T23:56:38.785328+00:00	still failing after regen-human-queue v3: v3 regen
3664.00.02	word	ny3E2DZImeZm00WLGZi9	malha	Marra.	0.6		https://pub-155fa287ae724688aaa870d99135311a.r2.dev/audio/3664.00.02-word-v3.mp3	2026-05-09T23:56:38.785336+00:00	still failing after regen-human-queue v3: v3 regen
3664.00.03	word	m151rjrbWXbBqyq56tly	malha	Mala	0.8		https://pub-155fa287ae724688aaa870d99135311a.r2.dev/audio/3664.00.03-word-v3.mp3	2026-05-09T23:56:38.785344+00:00	still failing after regen-human-queue v3: v3 regen
3704.00.01	word	uju3wxzG5OhpWcoi3SMy	fatal	Feitell.	0.4286		https://pub-155fa287ae724688aaa870d99135311a.r2.dev/audio/3704.00.01-word-v3.mp3	2026-05-09T23:56:38.785365+00:00	still failing after regen-human-queue v3: v3 regen
3728.00.01	word	Rw38T6bn0lTNOb1aUevR	aranha	Aranwa.	0.8333		https://pub-155fa287ae724688aaa870d99135311a.r2.dev/audio/3728.00.01-word-v3.mp3	2026-05-09T23:56:38.785382+00:00	still failing after regen-human-queue v3: v3 regen
3732.00.01	word	xNGAXaCH8MaasNuo7Hr7	aquando	A quando?	0.875		https://pub-155fa287ae724688aaa870d99135311a.r2.dev/audio/3732.00.01-word-v3.mp3	2026-05-09T23:56:38.785390+00:00	still failing after regen-human-queue v3: v3 regen
3742.00.02	word	Rw38T6bn0lTNOb1aUevR	reger	Reagir.	0.6667		https://pub-155fa287ae724688aaa870d99135311a.r2.dev/audio/3742.00.02-word-v3.mp3	2026-05-09T23:56:38.785402+00:00	still failing after regen-human-queue v3: v3 regen
3821.00.01	word	xNGAXaCH8MaasNuo7Hr7	manteiga	Mantiga	0.875		https://pub-155fa287ae724688aaa870d99135311a.r2.dev/audio/3821.00.01-word-v3.mp3	2026-05-09T23:56:38.785414+00:00	still failing after regen-human-queue v3: v3 regen
3848.00.01	word	ny3E2DZImeZm00WLGZi9	ascender	Acender	0.875		https://pub-155fa287ae724688aaa870d99135311a.r2.dev/audio/3848.00.01-word-v3.mp3	2026-05-09T23:56:38.785438+00:00	still failing after regen-human-queue v3: v3 regen
3875.00.01	word	ny3E2DZImeZm00WLGZi9	júri	Yuri	0.75		https://pub-155fa287ae724688aaa870d99135311a.r2.dev/audio/3875.00.01-word-v3.mp3	2026-05-09T23:56:38.785447+00:00	still failing after regen-human-queue v3: v3 regen
3877.00.01	word	m151rjrbWXbBqyq56tly	cela	Solar.	0.4		https://pub-155fa287ae724688aaa870d99135311a.r2.dev/audio/3877.00.01-word-v3.mp3	2026-05-09T23:56:38.785455+00:00	still failing after regen-human-queue v3: v3 regen
3879.00.01	word	m151rjrbWXbBqyq56tly	sanção	Função.	0.6667		https://pub-155fa287ae724688aaa870d99135311a.r2.dev/audio/3879.00.01-word-v3.mp3	2026-05-09T23:56:38.785463+00:00	still failing after regen-human-queue v3: v3 regen
3897.00.01	example	uju3wxzG5OhpWcoi3SMy	O reajuste salarial será de cinco por cento este ano.	O reajuste salarial será de 5% este ano.	0.7115		https://pub-155fa287ae724688aaa870d99135311a.r2.dev/audio/3897.00.01-ex-v3.mp3	2026-05-09T23:56:38.785471+00:00	still failing after regen-human-queue v3: v3 regen
3911.00.03	word	m151rjrbWXbBqyq56tly	cova	Uva.	0.5		https://pub-155fa287ae724688aaa870d99135311a.r2.dev/audio/3911.00.03-word-v3.mp3	2026-05-09T23:56:38.785480+00:00	still failing after regen-human-queue v3: v3 regen
3918.00.01	word	Rw38T6bn0lTNOb1aUevR	infeção	Infecção	0.875		https://pub-155fa287ae724688aaa870d99135311a.r2.dev/audio/3918.00.01-word-v3.mp3	2026-05-09T23:56:38.785488+00:00	still failing after regen-human-queue v3: v3 regen
3931.00.01	word	uju3wxzG5OhpWcoi3SMy	adeus	Pades.	0.6		https://pub-155fa287ae724688aaa870d99135311a.r2.dev/audio/3931.00.01-word-v3.mp3	2026-05-09T23:56:38.785496+00:00	still failing after regen-human-queue v3: v3 regen
3949.00.01	word	ny3E2DZImeZm00WLGZi9	coxa	Poxa!	0.75		https://pub-155fa287ae724688aaa870d99135311a.r2.dev/audio/3949.00.01-word-v3.mp3	2026-05-09T23:56:38.785507+00:00	still failing after regen-human-queue v3: v3 regen
3954.00.01	word	ny3E2DZImeZm00WLGZi9	eh	É.	0.5		https://pub-155fa287ae724688aaa870d99135311a.r2.dev/audio/3954.00.01-word-v3.mp3	2026-05-09T23:56:38.785516+00:00	still failing after regen-human-queue v3: v3 regen
3976.00.01	word	Rw38T6bn0lTNOb1aUevR	tijolo	Teoló.	0.6667		https://pub-155fa287ae724688aaa870d99135311a.r2.dev/audio/3976.00.01-word-v3.mp3	2026-05-09T23:56:38.785523+00:00	still failing after regen-human-queue v3: v3 regen
4032.00.01	word	xNGAXaCH8MaasNuo7Hr7	cesta	Sexta.	0.6		https://pub-155fa287ae724688aaa870d99135311a.r2.dev/audio/4032.00.01-word-v3.mp3	2026-05-09T23:56:38.785536+00:00	still failing after regen-human-queue v3: v3 regen
4032.00.02	word	Rw38T6bn0lTNOb1aUevR	cesta	Sexta.	0.6		https://pub-155fa287ae724688aaa870d99135311a.r2.dev/audio/4032.00.02-word-v3.mp3	2026-05-09T23:56:38.785544+00:00	still failing after regen-human-queue v3: v3 regen
4032.00.03	word	m151rjrbWXbBqyq56tly	cesta	Festa?	0.8		https://pub-155fa287ae724688aaa870d99135311a.r2.dev/audio/4032.00.03-word-v3.mp3	2026-05-09T23:56:38.785551+00:00	still failing after regen-human-queue v3: v3 regen
4034.00.01	word	4za2kOXGgUd57HRSQ1fn	macio	Macho	0.8		https://pub-155fa287ae724688aaa870d99135311a.r2.dev/audio/4034.00.01-word-v3.mp3	2026-05-09T23:56:38.785559+00:00	still failing after regen-human-queue v3: v3 regen
4089.00.01	word	m151rjrbWXbBqyq56tly	hospitalar	Hospitais.	0.7		https://pub-155fa287ae724688aaa870d99135311a.r2.dev/audio/4089.00.01-word-v3.mp3	2026-05-09T23:56:38.785567+00:00	still failing after regen-human-queue v3: v3 regen
4197.00.01	word	Rw38T6bn0lTNOb1aUevR	baía	Bahia	0.8		https://pub-155fa287ae724688aaa870d99135311a.r2.dev/audio/4197.00.01-word-v3.mp3	2026-05-09T23:56:38.785599+00:00	still failing after regen-human-queue v3: v3 regen
4208.00.01	word	m151rjrbWXbBqyq56tly	seara	Ceará.	0.8		https://pub-155fa287ae724688aaa870d99135311a.r2.dev/audio/4208.00.01-word-v3.mp3	2026-05-09T23:56:38.785608+00:00	still failing after regen-human-queue v3: v3 regen
4227.00.01	word	xNGAXaCH8MaasNuo7Hr7	doer	Dui	0.25		https://pub-155fa287ae724688aaa870d99135311a.r2.dev/audio/4227.00.01-word-v3.mp3	2026-05-09T23:56:38.785617+00:00	still failing after regen-human-queue v3: v3 regen
4234.00.01	word	ny3E2DZImeZm00WLGZi9	grade	Grot.	0.4		https://pub-155fa287ae724688aaa870d99135311a.r2.dev/audio/4234.00.01-word-v3.mp3	2026-05-09T23:56:38.785625+00:00	still failing after regen-human-queue v3: v3 regen
4234.00.02	word	ny3E2DZImeZm00WLGZi9	grade	Grey.	0.4		https://pub-155fa287ae724688aaa870d99135311a.r2.dev/audio/4234.00.02-word-v3.mp3	2026-05-09T23:56:38.785633+00:00	still failing after regen-human-queue v3: v3 regen
4267.00.01	word	m151rjrbWXbBqyq56tly	judaico	Rodaico	0.7143		https://pub-155fa287ae724688aaa870d99135311a.r2.dev/audio/4267.00.01-word-v3.mp3	2026-05-09T23:56:38.785645+00:00	still failing after regen-human-queue v3: v3 regen
4269.00.01	word	wxoDdfPKBuna5KnUEotz	refém	Eu sei.	0.1667		https://pub-155fa287ae724688aaa870d99135311a.r2.dev/audio/4269.00.01-word-v3.mp3	2026-05-09T23:56:38.785653+00:00	still failing after regen-human-queue v3: v3 regen
4321.00.01	word	uju3wxzG5OhpWcoi3SMy	contatar	Contactar.	0.8889		https://pub-155fa287ae724688aaa870d99135311a.r2.dev/audio/4321.00.01-word-v3.mp3	2026-05-09T23:56:38.785660+00:00	still failing after regen-human-queue v3: v3 regen
4380.00.01	word	Rw38T6bn0lTNOb1aUevR	casto	Castor.	0.8333		https://pub-155fa287ae724688aaa870d99135311a.r2.dev/audio/4380.00.01-word-v3.mp3	2026-05-09T23:56:38.785673+00:00	still failing after regen-human-queue v3: v3 regen
4381.00.01	word	Rw38T6bn0lTNOb1aUevR	cera	Cheirá.	0.6667		https://pub-155fa287ae724688aaa870d99135311a.r2.dev/audio/4381.00.01-word-v3.mp3	2026-05-09T23:56:38.785680+00:00	still failing after regen-human-queue v3: v3 regen
4385.00.01	word	wxoDdfPKBuna5KnUEotz	publicitário	Publicidade.	0.6667		https://pub-155fa287ae724688aaa870d99135311a.r2.dev/audio/4385.00.01-word-v3.mp3	2026-05-09T23:56:38.785688+00:00	still failing after regen-human-queue v3: v3 regen
4410.00.01	word	xNGAXaCH8MaasNuo7Hr7	pasto	Basto.	0.8		https://pub-155fa287ae724688aaa870d99135311a.r2.dev/audio/4410.00.01-word-v3.mp3	2026-05-09T23:56:38.785705+00:00	still failing after regen-human-queue v3: v3 regen
4411.00.01	word	ny3E2DZImeZm00WLGZi9	feixe	Feche.	0.6		https://pub-155fa287ae724688aaa870d99135311a.r2.dev/audio/4411.00.01-word-v3.mp3	2026-05-09T23:56:38.785713+00:00	still failing after regen-human-queue v3: v3 regen
4424.00.01	word	Rw38T6bn0lTNOb1aUevR	mouro	Moro.	0.8		https://pub-155fa287ae724688aaa870d99135311a.r2.dev/audio/4424.00.01-word-v3.mp3	2026-05-09T23:56:38.785725+00:00	still failing after regen-human-queue v3: v3 regen
4491.00.01	word	qPfM2laM0pRL4rrZtBGl	revólver	Devolver.	0.875		https://pub-155fa287ae724688aaa870d99135311a.r2.dev/audio/4491.00.01-word-v3.mp3	2026-05-09T23:56:38.785737+00:00	still failing after regen-human-queue v3: v3 regen
4501.00.01	word	uju3wxzG5OhpWcoi3SMy	suor	Sor.	0.75		https://pub-155fa287ae724688aaa870d99135311a.r2.dev/audio/4501.00.01-word-v3.mp3	2026-05-09T23:56:38.785750+00:00	still failing after regen-human-queue v3: v3 regen
4507.00.01	word	uju3wxzG5OhpWcoi3SMy	hino	Quino.	0.6		https://pub-155fa287ae724688aaa870d99135311a.r2.dev/audio/4507.00.01-word-v3.mp3	2026-05-09T23:56:38.785758+00:00	still failing after regen-human-queue v3: v3 regen
4565.01.01	word	ny3E2DZImeZm00WLGZi9	à mercê de	A Mercedes.	0.8		https://pub-155fa287ae724688aaa870d99135311a.r2.dev/audio/4565.01.01-word-v3.mp3	2026-05-09T23:56:38.785770+00:00	still failing after regen-human-queue v3: v3 regen
4568.00.01	word	qPfM2laM0pRL4rrZtBGl	tremer	Tremor.	0.8333		https://pub-155fa287ae724688aaa870d99135311a.r2.dev/audio/4568.00.01-word-v3.mp3	2026-05-09T23:56:38.785777+00:00	still failing after regen-human-queue v3: v3 regen
4625.00.02	word	wxoDdfPKBuna5KnUEotz	trajeto	Tarreto	0.5714		https://pub-155fa287ae724688aaa870d99135311a.r2.dev/audio/4625.00.02-word-v3.mp3	2026-05-09T23:56:38.785789+00:00	still failing after regen-human-queue v3: v3 regen
4633.00.01	word	uju3wxzG5OhpWcoi3SMy	ceia	Cheia.	0.8		https://pub-155fa287ae724688aaa870d99135311a.r2.dev/audio/4633.00.01-word-v3.mp3	2026-05-09T23:56:38.785797+00:00	still failing after regen-human-queue v3: v3 regen
4660.00.01	example	ny3E2DZImeZm00WLGZi9	O salário nominal dele aumentou dez por cento.	O salário nominal dele aumentou 10%.	0.7111		https://pub-155fa287ae724688aaa870d99135311a.r2.dev/audio/4660.00.01-ex-v3.mp3	2026-05-09T23:56:38.785804+00:00	still failing after regen-human-queue v3: v3 regen
4691.00.02	word	m151rjrbWXbBqyq56tly	vulto	Volto.	0.8		https://pub-155fa287ae724688aaa870d99135311a.r2.dev/audio/4691.00.02-word-v3.mp3	2026-05-09T23:56:38.785813+00:00	still failing after regen-human-queue v3: v3 regen
4710.00.01	word	m151rjrbWXbBqyq56tly	assessor	Acessor.	0.75		https://pub-155fa287ae724688aaa870d99135311a.r2.dev/audio/4710.00.01-word-v3.mp3	2026-05-09T23:56:38.785820+00:00	still failing after regen-human-queue v3: v3 regen
4711.00.01	word	ny3E2DZImeZm00WLGZi9	saca	Sacar?	0.8		https://pub-155fa287ae724688aaa870d99135311a.r2.dev/audio/4711.00.01-word-v3.mp3	2026-05-09T23:56:38.785828+00:00	still failing after regen-human-queue v3: v3 regen
4743.00.01	word	m151rjrbWXbBqyq56tly	vice	veias	0.4		https://pub-155fa287ae724688aaa870d99135311a.r2.dev/audio/4743.00.01-word-v3.mp3	2026-05-09T23:56:38.785836+00:00	still failing after regen-human-queue v3: v3 regen
4757.00.01	word	uju3wxzG5OhpWcoi3SMy	crente	Crença.	0.6667		https://pub-155fa287ae724688aaa870d99135311a.r2.dev/audio/4757.00.01-word-v3.mp3	2026-05-09T23:56:38.785843+00:00	still failing after regen-human-queue v3: v3 regen
4772.00.01	word	m151rjrbWXbBqyq56tly	susceptível	Suscetível.	0.9091		https://pub-155fa287ae724688aaa870d99135311a.r2.dev/audio/4772.00.01-word-v3.mp3	2026-05-09T23:56:38.785851+00:00	still failing after regen-human-queue v3: v3 regen
4832.00.01	word	uju3wxzG5OhpWcoi3SMy	cavalheiro	Cavaleiro.	0.9		https://pub-155fa287ae724688aaa870d99135311a.r2.dev/audio/4832.00.01-word-v3.mp3	2026-05-09T23:56:38.785859+00:00	still failing after regen-human-queue v3: v3 regen
4848.00.01	word	ny3E2DZImeZm00WLGZi9	parasita	Parasitar.	0.8889		https://pub-155fa287ae724688aaa870d99135311a.r2.dev/audio/4848.00.01-word-v3.mp3	2026-05-09T23:56:38.785867+00:00	still failing after regen-human-queue v3: v3 regen
4854.00.01	word	ny3E2DZImeZm00WLGZi9	rito	Lito	0.75		https://pub-155fa287ae724688aaa870d99135311a.r2.dev/audio/4854.00.01-word-v3.mp3	2026-05-09T23:56:38.785883+00:00	still failing after regen-human-queue v3: v3 regen
4863.00.01	word	m151rjrbWXbBqyq56tly	decerto	De certo.	0.875		https://pub-155fa287ae724688aaa870d99135311a.r2.dev/audio/4863.00.01-word-v3.mp3	2026-05-09T23:56:38.785895+00:00	still failing after regen-human-queue v3: v3 regen
4895.00.01	word	Rw38T6bn0lTNOb1aUevR	apreender	Aprender	0.8889		https://pub-155fa287ae724688aaa870d99135311a.r2.dev/audio/4895.00.01-word-v3.mp3	2026-05-09T23:56:38.785903+00:00	still failing after regen-human-queue v3: v3 regen
4895.00.02	word	uju3wxzG5OhpWcoi3SMy	apreender	Aprender.	0.8889		https://pub-155fa287ae724688aaa870d99135311a.r2.dev/audio/4895.00.02-word-v3.mp3	2026-05-09T23:56:38.785911+00:00	still failing after regen-human-queue v3: v3 regen
4910.00.01	word	uju3wxzG5OhpWcoi3SMy	roer	Rower.	0.8		https://pub-155fa287ae724688aaa870d99135311a.r2.dev/audio/4910.00.01-word-v3.mp3	2026-05-09T23:56:38.785919+00:00	still failing after regen-human-queue v3: v3 regen
4948.00.01	word	Rw38T6bn0lTNOb1aUevR	candeeiro	Candeiro.	0.8889		https://pub-155fa287ae724688aaa870d99135311a.r2.dev/audio/4948.00.01-word-v3.mp3	2026-05-09T23:56:38.785936+00:00	still failing after regen-human-queue v3: v3 regen
4950.00.01	word	4za2kOXGgUd57HRSQ1fn	cimo	Timó.	0.75		https://pub-155fa287ae724688aaa870d99135311a.r2.dev/audio/4950.00.01-word-v3.mp3	2026-05-09T23:56:38.785943+00:00	still failing after regen-human-queue v3: v3 regen
4981.00.01	word	uju3wxzG5OhpWcoi3SMy	feitio	Feitiço	0.8571		https://pub-155fa287ae724688aaa870d99135311a.r2.dev/audio/4981.00.01-word-v3.mp3	2026-05-09T23:56:38.785951+00:00	still failing after regen-human-queue v3: v3 regen
4981.00.02	word	m151rjrbWXbBqyq56tly	feitio	Feitiço.	0.8571		https://pub-155fa287ae724688aaa870d99135311a.r2.dev/audio/4981.00.02-word-v3.mp3	2026-05-09T23:56:38.785959+00:00	still failing after regen-human-queue v3: v3 regen
