sense_id	pt	voice_id	alias_respelling	applied_family	label
1125.00.01	policial		polisiau	final_l_-al	BETTER
1125.00.02	policial		polisiau	final_l_-al	BETTER
3611.00.01	sindical		sindjicau	final_l_-al	BETTER
3704.00.01	fatal		fatau	final_l_-al	BETTER
1309.00.01	inicial		inisiau	final_l_-al	SAME
0408.00.01	capital		capitau	final_l_-al	BETTER
0408.00.02	capital		capitau	final_l_-al	BETTER
2490.00.01	presidencial		presidensiau	final_l_-al	BETTER
3785.00.01	superficial		superfisiau	final_l_-al	BETTER
1324.00.01	industrial		In-dús-tri-áu	final_l_-al	WORSE
3266.00.01	tropical		tropicau	final_l_-al	BETTER
1078.00.01	general		Zhe-ne-ráu	final_l_-al	BETTER
3331.00.01	parcial		parsiau	final_l_-al	BETTER
0656.00.01	oficial		ofisiau	final_l_-al	BETTER
2171.00.01	potencial		potensiáu	final_l_-al	BETTER
3499.00.01	espacial		espasiau	final_l_-al	BETTER
0200.00.01	real		Hê-aú	final_l_-al	WORSE
3814.00.01	verbal		verbau	final_l_-al	BETTER
2784.00.01	judicial		Zhudjissiaou	final_l_-al	WORSE
0431.00.01	especial		espesiau	final_l_-al	BETTER
2832.00.01	artificial		artchifissiau	final_l_-al	BETTER
0822.00.01	comercial		comerssiáu	final_l_-al	BETTER
0207.00.01	social		sosiau	final_l_-al	BETTER
1269.00.01	essencial		essensiau	final_l_-al	BETTER
2215.00.01	habitual		abituáu	final_l_-al	BETTER
4784.00.01	substancial		substansiau	final_l_-al	BETTER
4676.00.01	postal		posstáu	final_l_-al	BETTER
