row_id	human_verdict
016_bp	bp_ok
029_bp	unclear
043_bp	bp_ok
063_bp	bp_ok
077_bp	bp_ok
110_bp	bp_ok
113_bp	bp_ok
126_bp	bp_ok
127_bp	bp_ok
130_bp	non_bp_other
131_bp	bp_ok
135_bp	bp_ok
141_bp	bp_ok
142_bp	bp_ok
143_bp	bp_ok
147_bp	non_bp_ep
204_bp	bp_ok
207_bp	bp_ok
210_bp	bp_ok
216_bp	non_bp_ep
219_bp	bp_ok
234_bp	bp_ok
237_bp	bp_ok
238_bp	bp_ok
243_bp	bp_ok
246_bp	bp_ok
248_bp	bp_ok
259_bp	bp_ok
263_bp	bp_ok
264_bp	non_bp_other
275_bp	bp_ok
276_bp	unclear
282_bp	bp_ok
286_bp	non_bp_ep
288_bp	bp_ok
294_bp	unclear
330_bp	bp_ok
371_bp	bp_ok
376_bp	bp_ok
381_bp	bp_ok
