sense_id	clip_type	alias_id	applied_at
1125.00.01	word	1	2026-05-10T11:03:09+00:00
1125.00.02	word	1	2026-05-10T11:03:09+00:00
3611.00.01	word	2	2026-05-10T11:03:09+00:00
3704.00.01	word	3	2026-05-10T11:03:09+00:00
0200.00.01	word	4	2026-05-10T11:03:09+00:00
0207.00.01	word	5	2026-05-10T11:03:09+00:00
0408.00.01	word	6	2026-05-10T11:03:09+00:00
0408.00.02	word	6	2026-05-10T11:03:09+00:00
1078.00.01	word	7	2026-05-10T11:03:09+00:00
1324.00.01	word	8	2026-05-10T11:03:09+00:00
2215.00.01	word	9	2026-05-10T11:03:09+00:00
3266.00.01	word	10	2026-05-10T11:03:09+00:00
3814.00.01	word	11	2026-05-10T11:03:09+00:00
4676.00.01	word	12	2026-05-10T11:03:09+00:00
