family_id	family_name	representative_pt	winning_respelling
final_l_-al	final_l_-al	animal	animau
final_l_-el	final_l_-el	hotel	otéu
final_l_-il	final_l_-il	civil	REJECT_FAMILY
final_l_-ol	final_l_-ol	futebol	futebóu
de_te_palatalization_-de	de_te_palatalization_-de	cidade	cidade
de_te_palatalization_-te	de_te_palatalization_-te	gente	REJECT_FAMILY
h_initial_+_final_l	h_initial_+_final_l	hospital	ospitau
english_loanword_per_word	english_loanword_per_word	internet	internétchi
english_loanword_per_word	english_loanword_per_word	software	softuei
ep_leftover_named	ep_leftover_named	susceptível	suscetível
