alias_id	pt	v2_respelling	v3_respelling	rounds_to_converge	rationale	smoke_audio_path	confirmed_at
2	sindical	sindicau	sindjicau	1	"'dj' digraph forces /d͡ʒi/ palatalization (mirrors cidadji family-5 winner from sentinel seeds)"	audit/08_3a_smoke_sindical_sindjicau.mp3	2026-05-10T15:30:00+00:00
4	real	reau	Hê-aú	9	"'Hê-aú' — H+circumflex on closed ê + acute on final ú forces glottal /ʁ/ initial + diphthong stress on /aw/. 9 rounds: rreau→hheau→Khéaou→Hé-au→Hê-aú"	audit/08_3a_smoke_real_Hê-aú.mp3	2026-05-10T15:30:00+00:00
7	general	generau	Zhe-ne-ráu	6	"'Zhe-ne-ráu' — hyphenated syllables lock rhythm + Universal 'Zh' digraph for /ʒ/ + final acute on 'á' for oxytone stress. Pure 'jenerau' and 'jhenerau' both gave /dʒ/ start"	audit/08_3a_smoke_general_Zhe-ne-ráu.mp3	2026-05-10T15:30:00+00:00
12	postal	postau	posstáu	3	"'posstáu' — geminated 'ss' weights first syll (closing it) + acute on final 'á' for oxytone. Plain 'postáu' didn't lift stress (2-syll oxytone is hard)"	audit/08_3a_smoke_postal_posstáu.mp3	2026-05-10T15:30:00+00:00
15	comercial	comersiau	comerssiáu	2	"double 'ss' between vowels keeps clean /s/ (prevents /ʃ/ surfacing) + acute on final 'á' for oxytone stress"	audit/08_3a_smoke_comercial_comerssiáu.mp3	2026-05-10T15:30:00+00:00
18	potencial	potensiau	potensiáu	3	"'potensiáu' — single 's' + acute on final 'á'. Tried geminated 'potênssiau' first but it over-weighted first syll"	audit/08_3a_smoke_potencial_potensiáu.mp3	2026-05-10T15:30:00+00:00
20	judicial	judisiau	Zhudjissiaou	4	"'Zhudjissiaou' — Universal Zh = /ʒu/ smooth + dj = /d͡ʒi/ affricate (visual contrast forces tongue change between syllables) + ssi = /si/ + aou = /aw/. Hybrid French/Universal phonetic map"	audit/08_3a_smoke_judicial_Zhudjissiaou.mp3	2026-05-10T15:30:00+00:00
21	artificial	artifisiau	artchifissiau	1	"'tch' is BP's standard digraph for /t͡ʃ/ (e.g. tchau, picumã); 'ss' for clean /s/. Engine palatalizes 'ti' inconsistently so tch is required"	audit/08_3a_smoke_artificial_artchifissiau.mp3	2026-05-10T15:30:00+00:00
8	industrial	industriau	In-dús-tri-áu	2	"Phase 2 listening flagged industrial=SAME (u read as English, no final stress). Hyphenated syllables (Zhe-ne-ráu pattern) + acute on ú + final acute for oxytone"	audit/08_3a_smoke_industrial_In-dús-tri-áu.mp3	2026-05-10T16:15:00+00:00
9	habitual	habituau	abituáu	2	"Phase 2 listening flagged habitual=SAME (audible /h/ + missing final stress). Drop initial 'h' (silent in BP) + acute on final 'á' for oxytone stress"	audit/08_3a_smoke_habitual_abituáu.mp3	2026-05-10T16:15:00+00:00
17	inicial	inisiau	inisiáu	1	"Phase 2 listening flagged inicial=SAME. Final acute for oxytone stress, otherwise unchanged from v2 c→s pattern"	audit/08_3a_smoke_inicial_inisiáu.mp3	2026-05-10T16:15:00+00:00
