pt	english_origin	notes
internet	internet	common BP loanword; usually nativized as "internétchi"
email	email	common; often spelled "e-mail"
marketing	marketing	common; nativized stress as "marketín"
software	software	common; phonetic "softuei"
hardware	hardware	common
online	online	common
offline	offline	less common
link	link	common
chat	chat	common
site	site	common (replaces "página")
web	web	common
mouse	mouse	computer mouse
piano	piano	common; both en/pt spelling
hotel	hotel	common; also -al family
deficit	deficit	common
terror	terror	common
horror	horror	common; could be EN or "horror" PT-style
show	show	common
rock	rock	music genre
pop	pop	music genre
jazz	jazz	music genre
bar	bar	common
festival	festival	common
video	video	often "vídeo" with accent
time	time	English-borrowed for sports team
shopping	shopping	mall/shopping
deadline	deadline	business term
briefing	briefing	business term
delivery	delivery	common in food context
look	look	style/appearance
fashion	fashion	common in style context
selfie	selfie	common
spam	spam	email spam
download	download	common; often nativized "deidolódji"
upload	upload	common
