pt	notes
animal	identical EN/PT; user-flagged
hospital	identical
hotel	identical
total	identical
social	identical
local	identical
legal	identical
mental	identical
digital	identical
material	identical
general	identical (PT also "geral")
natural	identical
central	identical
cultural	identical
liberal	identical
federal	identical
vital	identical
final	identical
principal	identical
original	identical
horizontal	identical
civil	identical
mortal	identical
moral	identical
oral	identical
fatal	identical; user-flagged
universal	identical
ideal	identical
real	identical
plural	identical
brutal	identical
casual	identical
animal	identical
bar	identical
data	identical EN noun "data"; user-flagged
face	identical EN noun; user-flagged
chance	identical EN noun; user-flagged
vice	identical; user-flagged
pop	identical music genre
rock	identical music genre
piano	identical
deficit	identical
terror	identical
horror	identical
hotel	identical
festival	identical
formal	identical
informal	identical
cordial	identical
trivial	identical
musical	identical
visual	identical
manual	identical
total	identical
pessoal	NOT identical — EN says "personal"; PT-only spelling
nacional	NOT identical — EN says "national"; PT-only
