sense_id	stratum	pt	voice_id
0001.00.01	D:short	o	m151rjrbWXbBqyq56tly
0001.00.02	D:short	o	m151rjrbWXbBqyq56tly
0002.00.01	A:v3_rerendered	de	m151rjrbWXbBqyq56tly
0002.00.02	D:short	de	xNGAXaCH8MaasNuo7Hr7
0003.00.01	D:short	em	ny3E2DZImeZm00WLGZi9
0003.00.02	D:short	em	m151rjrbWXbBqyq56tly
0004.00.01	D:short	e	m151rjrbWXbBqyq56tly
0005.00.01	A:v3_rerendered	que	m151rjrbWXbBqyq56tly
0007.00.01	D:short	um	qPfM2laM0pRL4rrZtBGl
0007.00.02	D:short	um	m151rjrbWXbBqyq56tly
0008.00.01	C:control	por	qPfM2laM0pRL4rrZtBGl
0010.00.01	D:short	a	qPfM2laM0pRL4rrZtBGl
0010.00.02	D:short	a	qPfM2laM0pRL4rrZtBGl
0014.00.01	D:short	se	ny3E2DZImeZm00WLGZi9
0014.00.02	D:short	se	ny3E2DZImeZm00WLGZi9
0014.00.03	D:short	se	qPfM2laM0pRL4rrZtBGl
0023.00.01	D:short	ou	Rw38T6bn0lTNOb1aUevR
0024.00.01	C:control	ele	wxoDdfPKBuna5KnUEotz
0027.00.01	C:control	muito	m151rjrbWXbBqyq56tly
0028.00.01	B:risk	haver	Rw38T6bn0lTNOb1aUevR
0029.00.01	D:short	ir	m151rjrbWXbBqyq56tly
0031.00.01	D:short	eu	m151rjrbWXbBqyq56tly
0031.00.02	D:short	eu	m151rjrbWXbBqyq56tly
0032.00.01	D:short	já	AaeZyyi87RCxtFnHPS3e
0034.00.01	D:article	ano	qPfM2laM0pRL4rrZtBGl
0045.00.01	D:article	vez	xNGAXaCH8MaasNuo7Hr7
0045.00.02	D:article	vez	m151rjrbWXbBqyq56tly
0050.00.01	D:article	dia	Rw38T6bn0lTNOb1aUevR
0051.00.01	D:short	só	m151rjrbWXbBqyq56tly
0051.00.02	D:short	só	Rw38T6bn0lTNOb1aUevR
0054.00.01	C:control	primeiro	Rw38T6bn0lTNOb1aUevR
0056.00.02	C:control	dever	Rw38T6bn0lTNOb1aUevR
0060.00.01	A:v3_rerendered	querer	xNGAXaCH8MaasNuo7Hr7
0065.00.01	D:article	tempo	AaeZyyi87RCxtFnHPS3e
0065.00.02	D:article	tempo	qPfM2laM0pRL4rrZtBGl
0069.00.01	D:article	pessoa	Rw38T6bn0lTNOb1aUevR
0070.00.01	D:article	coisa	ny3E2DZImeZm00WLGZi9
0074.00.01	B:risk	qual	m151rjrbWXbBqyq56tly
0076.00.01	D:article	vida	ny3E2DZImeZm00WLGZi9
0078.00.01	D:article	homem	wxoDdfPKBuna5KnUEotz
0083.00.01	A:v3_rerendered	lhe	Rw38T6bn0lTNOb1aUevR
0086.00.01	C:control	levar	qPfM2laM0pRL4rrZtBGl
0096.00.01	D:heterophone	forma	wxoDdfPKBuna5KnUEotz
0097.00.01	C:control	cada	Rw38T6bn0lTNOb1aUevR
0111.00.01	D:heterophone	governo	qPfM2laM0pRL4rrZtBGl
0113.00.02	C:control	conseguir	qPfM2laM0pRL4rrZtBGl
0122.00.01	D:hospital	mulher	qPfM2laM0pRL4rrZtBGl
0122.00.02	D:hospital	mulher	qPfM2laM0pRL4rrZtBGl
0127.00.01	B:risk	tal	m151rjrbWXbBqyq56tly
0129.00.01	D:short	lá	xNGAXaCH8MaasNuo7Hr7
0133.00.01	D:digits	desde	Rw38T6bn0lTNOb1aUevR
0135.00.01	D:short	aí	Rw38T6bn0lTNOb1aUevR
0151.00.02	B:risk	história	Rw38T6bn0lTNOb1aUevR
0164.00.02	C:control	ponto	wxoDdfPKBuna5KnUEotz
0168.00.01	D:hospital	pai	qPfM2laM0pRL4rrZtBGl
0200.00.01	A:calibration	real	m151rjrbWXbBqyq56tly
0204.00.01	B:risk	possível	qPfM2laM0pRL4rrZtBGl
0207.00.01	A:calibration	social	Rw38T6bn0lTNOb1aUevR
0209.00.02	A:v3_rerendered	claro	qPfM2laM0pRL4rrZtBGl
0215.00.01	A:v3_rerendered	questão	m151rjrbWXbBqyq56tly
0224.00.02	C:control	próximo	qPfM2laM0pRL4rrZtBGl
0250.00.01	A:v3_rerendered	ganhar	ny3E2DZImeZm00WLGZi9
0259.00.02	A:v3_rerendered	tarde	ny3E2DZImeZm00WLGZi9
0265.00.01	A:calibration	altura	m151rjrbWXbBqyq56tly
0265.00.02	A:calibration	altura	m151rjrbWXbBqyq56tly
0279.00.01	C:control	Deus	wxoDdfPKBuna5KnUEotz
0288.00.01	A:v3_rerendered	projeto	wxoDdfPKBuna5KnUEotz
0291.00.01	B:risk	jornal	Rw38T6bn0lTNOb1aUevR
0295.00.02	C:control	preciso	qPfM2laM0pRL4rrZtBGl
0302.00.01	D:digits	nascer	AaeZyyi87RCxtFnHPS3e
0304.00.01	A:v3_rerendered	partido	AaeZyyi87RCxtFnHPS3e
0312.00.01	C:control	mudar	wxoDdfPKBuna5KnUEotz
0314.01.01	D:multiword	à medida que	m151rjrbWXbBqyq56tly
0316.00.01	A:calibration	espaço	qPfM2laM0pRL4rrZtBGl
0319.00.01	D:heterophone	acordo	Rw38T6bn0lTNOb1aUevR
0335.00.01	D:heterophone	jogo	xNGAXaCH8MaasNuo7Hr7
0346.00.02	C:control	contrário	m151rjrbWXbBqyq56tly
0348.00.01	B:risk	pessoal	m151rjrbWXbBqyq56tly
0348.00.02	B:risk	pessoal	wxoDdfPKBuna5KnUEotz
0355.00.01	D:short	pé	qPfM2laM0pRL4rrZtBGl
0355.00.02	D:short	pé	m151rjrbWXbBqyq56tly
0356.00.01	C:control	perceber	qPfM2laM0pRL4rrZtBGl
0361.00.01	B:risk	principal	m151rjrbWXbBqyq56tly
0364.00.01	A:v3_rerendered	portanto	wxoDdfPKBuna5KnUEotz
0374.00.01	D:heterophone	olho	qPfM2laM0pRL4rrZtBGl
0379.00.01	B:risk	natural	m151rjrbWXbBqyq56tly
0383.00.01	C:control	lançar	m151rjrbWXbBqyq56tly
0394.00.01	A:v3_rerendered	câmara	m151rjrbWXbBqyq56tly
0394.00.02	A:v3_rerendered	câmara	m151rjrbWXbBqyq56tly
0406.00.02	C:control	conto	AaeZyyi87RCxtFnHPS3e
0408.00.01	A:calibration	capital	ny3E2DZImeZm00WLGZi9
0408.00.02	A:calibration	capital	qPfM2laM0pRL4rrZtBGl
0410.00.01	D:multiword	no entanto	qPfM2laM0pRL4rrZtBGl
0410.00.02	D:multiword	no entanto	qPfM2laM0pRL4rrZtBGl
0412.00.01	A:v3_rerendered	escolher	m151rjrbWXbBqyq56tly
0421.00.01	C:control	gostar	qPfM2laM0pRL4rrZtBGl
0424.00.01	C:control	capaz	Rw38T6bn0lTNOb1aUevR
0428.00.01	D:digits	república	m151rjrbWXbBqyq56tly
0431.00.01	A:v3_rerendered	especial	wxoDdfPKBuna5KnUEotz
0435.00.01	A:v3_rerendered	cor	Rw38T6bn0lTNOb1aUevR
0438.00.01	D:short	ar	m151rjrbWXbBqyq56tly
0440.00.01	B:risk	igual	m151rjrbWXbBqyq56tly
0450.00.01	C:control	livre	qPfM2laM0pRL4rrZtBGl
0464.00.01	D:short	tu	m151rjrbWXbBqyq56tly
0493.00.01	D:heterophone	cerca	Rw38T6bn0lTNOb1aUevR
0498.00.01	A:v3_rerendered	valer	wxoDdfPKBuna5KnUEotz
0499.00.01	C:control	banda	xNGAXaCH8MaasNuo7Hr7
0503.00.01	A:user_reported	quarto	AaeZyyi87RCxtFnHPS3e
0503.00.02	A:user_reported	quarto	AaeZyyi87RCxtFnHPS3e
0503.00.03	A:user_reported	quarto	qPfM2laM0pRL4rrZtBGl
0534.00.01	A:v3_rerendered	verde	ny3E2DZImeZm00WLGZi9
0547.00.01	A:v3_rerendered	casar	ny3E2DZImeZm00WLGZi9
0564.00.01	C:control	marcar	AaeZyyi87RCxtFnHPS3e
0565.00.01	A:v3_rerendered	cumprir	m151rjrbWXbBqyq56tly
0571.00.01	B:risk	fácil	m151rjrbWXbBqyq56tly
0572.00.01	B:risk	atual	qPfM2laM0pRL4rrZtBGl
0575.01.01	D:multiword	em diante	wxoDdfPKBuna5KnUEotz
0575.01.02	D:multiword	em diante	m151rjrbWXbBqyq56tly
0580.00.01	A:v3_rerendered	garantir	Rw38T6bn0lTNOb1aUevR
0582.00.01	D:heterophone	modelo	wxoDdfPKBuna5KnUEotz
0582.00.02	D:heterophone	modelo	m151rjrbWXbBqyq56tly
0596.00.01	C:control	fugir	wxoDdfPKBuna5KnUEotz
0604.00.01	B:risk	central	qPfM2laM0pRL4rrZtBGl
0604.00.03	B:risk	central	m151rjrbWXbBqyq56tly
0605.00.01	C:control	curto	xNGAXaCH8MaasNuo7Hr7
0606.00.01	C:control	prova	xNGAXaCH8MaasNuo7Hr7
0612.00.02	A:v3_rerendered	metro	ny3E2DZImeZm00WLGZi9
0613.00.01	B:risk	material	Rw38T6bn0lTNOb1aUevR
0615.00.01	C:control	acima	AaeZyyi87RCxtFnHPS3e
0617.00.01	B:risk	sinal	Rw38T6bn0lTNOb1aUevR
0625.00.02	D:hospital	assistir	Rw38T6bn0lTNOb1aUevR
0642.00.01	D:heterophone	esforço	qPfM2laM0pRL4rrZtBGl
0653.00.01	D:heterophone	erro	qPfM2laM0pRL4rrZtBGl
0659.01.01	D:multiword	por cento	ny3E2DZImeZm00WLGZi9
0660.00.01	A:v3_rerendered	sangue	AaeZyyi87RCxtFnHPS3e
0662.00.01	A:calibration	série	qPfM2laM0pRL4rrZtBGl
0664.00.01	A:calibration	face	m151rjrbWXbBqyq56tly
0664.00.02	A:user_reported	face	Rw38T6bn0lTNOb1aUevR
0678.00.01	A:v3_rerendered	belo	m151rjrbWXbBqyq56tly
0726.00.01	B:risk	total	wxoDdfPKBuna5KnUEotz
0727.00.01	A:v3_rerendered	clube	AaeZyyi87RCxtFnHPS3e
0730.00.01	C:control	autoridade	m151rjrbWXbBqyq56tly
0735.00.01	D:hospital	marido	m151rjrbWXbBqyq56tly
0739.00.01	D:hospital	operação	m151rjrbWXbBqyq56tly
0741.00.01	D:digits	máximo	wxoDdfPKBuna5KnUEotz
0750.00.01	D:multiword	em torno	m151rjrbWXbBqyq56tly
0767.00.01	D:hospital	doente	m151rjrbWXbBqyq56tly
0771.00.02	A:v3_rerendered	margem	Rw38T6bn0lTNOb1aUevR
0771.00.03	C:control	margem	Rw38T6bn0lTNOb1aUevR
0772.00.01	A:v3_rerendered	ambos	Rw38T6bn0lTNOb1aUevR
0777.00.01	D:hospital	hospital	wxoDdfPKBuna5KnUEotz
0804.00.01	A:v3_rerendered	melhorar	Rw38T6bn0lTNOb1aUevR
0806.00.01	D:digits	limite	m151rjrbWXbBqyq56tly
0819.00.01	A:v3_rerendered	ramo	Rw38T6bn0lTNOb1aUevR
0841.00.01	C:control	aluno	qPfM2laM0pRL4rrZtBGl
0842.00.01	A:v3_rerendered	entretanto	wxoDdfPKBuna5KnUEotz
0851.00.02	B:risk	responsável	wxoDdfPKBuna5KnUEotz
0856.00.01	A:v3_rerendered	suficiente	wxoDdfPKBuna5KnUEotz
0858.00.01	A:user_reported	data	qPfM2laM0pRL4rrZtBGl
0864.00.01	C:control	fixar	Rw38T6bn0lTNOb1aUevR
0864.00.02	A:v3_rerendered	fixar	m151rjrbWXbBqyq56tly
0867.00.01	A:calibration	cara	Rw38T6bn0lTNOb1aUevR
0876.00.01	C:control	concordar	Rw38T6bn0lTNOb1aUevR
0887.00.01	A:calibration	roda	qPfM2laM0pRL4rrZtBGl
0892.00.01	B:risk	hipótese	Rw38T6bn0lTNOb1aUevR
0893.00.01	C:control	verão	ny3E2DZImeZm00WLGZi9
0901.00.01	C:control	instituição	Rw38T6bn0lTNOb1aUevR
0912.00.01	D:digits	regime	Rw38T6bn0lTNOb1aUevR
0913.00.01	A:v3_rerendered	sítio	wxoDdfPKBuna5KnUEotz
0913.00.02	A:v3_rerendered	sítio	ny3E2DZImeZm00WLGZi9
0913.00.03	A:v3_rerendered	sítio	wxoDdfPKBuna5KnUEotz
0920.00.01	C:control	assembleia	qPfM2laM0pRL4rrZtBGl
0929.00.01	C:control	média	xNGAXaCH8MaasNuo7Hr7
0937.00.01	A:calibration	sede	Rw38T6bn0lTNOb1aUevR
0937.00.02	A:calibration	sede	qPfM2laM0pRL4rrZtBGl
0953.00.01	C:control	prazo	AaeZyyi87RCxtFnHPS3e
0966.00.01	D:heterophone	gosto	Rw38T6bn0lTNOb1aUevR
0966.00.02	D:heterophone	gosto	xNGAXaCH8MaasNuo7Hr7
0978.00.01	B:risk	espanhol	Rw38T6bn0lTNOb1aUevR
0983.00.01	A:calibration	trás	m151rjrbWXbBqyq56tly
0993.00.01	A:v3_rerendered	crer	m151rjrbWXbBqyq56tly
0996.00.01	D:heterophone	seco	ny3E2DZImeZm00WLGZi9
1000.00.01	B:risk	original	Rw38T6bn0lTNOb1aUevR
1011.00.01	D:heterophone	torre	m151rjrbWXbBqyq56tly
1034.00.01	A:calibration	puro	Rw38T6bn0lTNOb1aUevR
1044.00.01	C:control	barco	xNGAXaCH8MaasNuo7Hr7
1058.00.01	B:risk	federal	m151rjrbWXbBqyq56tly
1078.00.01	A:calibration	general	xNGAXaCH8MaasNuo7Hr7
1092.00.02	C:control	órgão	Rw38T6bn0lTNOb1aUevR
1101.00.01	B:risk	legal	qPfM2laM0pRL4rrZtBGl
1106.00.01	C:control	grau	m151rjrbWXbBqyq56tly
1115.00.01	B:risk	hábito	ny3E2DZImeZm00WLGZi9
1125.00.01	A:calibration	policial	m151rjrbWXbBqyq56tly
1125.00.02	A:calibration	policial	qPfM2laM0pRL4rrZtBGl
1126.00.01	A:calibration	recente	qPfM2laM0pRL4rrZtBGl
1144.00.01	D:hospital	vítima	ny3E2DZImeZm00WLGZi9
1153.00.01	C:control	fronteira	qPfM2laM0pRL4rrZtBGl
1158.00.01	A:v3_rerendered	naturalmente	wxoDdfPKBuna5KnUEotz
1160.00.02	A:v3_rerendered	doce	wxoDdfPKBuna5KnUEotz
1171.00.01	A:v3_rerendered	aldeia	ny3E2DZImeZm00WLGZi9
1173.00.01	D:digits	ativo	ny3E2DZImeZm00WLGZi9
1175.00.01	A:calibration	agente	qPfM2laM0pRL4rrZtBGl
1185.00.01	A:v3_rerendered	italiano	ny3E2DZImeZm00WLGZi9
1193.00.01	A:calibration	tribunal	Rw38T6bn0lTNOb1aUevR
1200.00.01	C:control	flor	wxoDdfPKBuna5KnUEotz
1207.00.01	C:control	informar	Rw38T6bn0lTNOb1aUevR
1210.00.01	A:v3_rerendered	comentar	ny3E2DZImeZm00WLGZi9
1212.00.01	C:control	azul	xNGAXaCH8MaasNuo7Hr7
1233.00.01	D:digits	golpe	AaeZyyi87RCxtFnHPS3e
1240.00.01	D:digits	conquistar	AaeZyyi87RCxtFnHPS3e
1249.00.01	C:control	análise	m151rjrbWXbBqyq56tly
1251.00.01	B:risk	anormal	qPfM2laM0pRL4rrZtBGl
1254.00.01	C:control	perigoso	wxoDdfPKBuna5KnUEotz
1255.00.01	A:v3_rerendered	milhar	m151rjrbWXbBqyq56tly
1261.00.02	A:v3_rerendered	suceder	wxoDdfPKBuna5KnUEotz
1263.00.01	D:short	cá	m151rjrbWXbBqyq56tly
1270.00.01	C:control	ajustar	AaeZyyi87RCxtFnHPS3e
1284.00.01	A:v3_rerendered	espera	m151rjrbWXbBqyq56tly
1292.00.01	C:control	jogador	qPfM2laM0pRL4rrZtBGl
1309.00.01	B:risk	inicial	Rw38T6bn0lTNOb1aUevR
1314.00.01	C:control	ave	qPfM2laM0pRL4rrZtBGl
1319.00.01	D:short	fé	Rw38T6bn0lTNOb1aUevR
1322.00.01	C:control	canção	Rw38T6bn0lTNOb1aUevR
1324.00.01	A:calibration	industrial	m151rjrbWXbBqyq56tly
1342.00.01	A:v3_rerendered	sequer	m151rjrbWXbBqyq56tly
1356.00.01	C:control	crítico	qPfM2laM0pRL4rrZtBGl
1364.00.01	A:v3_rerendered	interpretar	m151rjrbWXbBqyq56tly
1365.00.01	A:user_reported	sorte	AaeZyyi87RCxtFnHPS3e
1365.00.02	A:calibration	sorte	qPfM2laM0pRL4rrZtBGl
1375.00.01	A:calibration	ultrapassar	AaeZyyi87RCxtFnHPS3e
1389.00.01	A:v3_rerendered	inimigo	AaeZyyi87RCxtFnHPS3e
1398.00.01	D:heterophone	começo	m151rjrbWXbBqyq56tly
1422.00.01	B:risk	rural	qPfM2laM0pRL4rrZtBGl
1441.00.01	B:risk	tradicional	xNGAXaCH8MaasNuo7Hr7
1444.00.01	D:heterophone	porto	AaeZyyi87RCxtFnHPS3e
1451.00.01	C:control	versão	xNGAXaCH8MaasNuo7Hr7
1454.00.01	A:v3_rerendered	doze	Rw38T6bn0lTNOb1aUevR
1465.00.01	C:control	floresta	Rw38T6bn0lTNOb1aUevR
1471.00.01	C:control	caro	AaeZyyi87RCxtFnHPS3e
1473.00.01	A:calibration	recorrer	m151rjrbWXbBqyq56tly
1473.00.02	A:calibration	recorrer	m151rjrbWXbBqyq56tly
1483.00.01	A:calibration	vara	qPfM2laM0pRL4rrZtBGl
1488.00.01	C:control	agrícola	Rw38T6bn0lTNOb1aUevR
1490.00.01	C:control	investir	m151rjrbWXbBqyq56tly
1501.00.01	A:v3_rerendered	absolutamente	Rw38T6bn0lTNOb1aUevR
1508.00.01	C:control	silêncio	m151rjrbWXbBqyq56tly
1550.00.01	C:control	droga	ny3E2DZImeZm00WLGZi9
1565.00.01	D:heterophone	colher	AaeZyyi87RCxtFnHPS3e
1580.00.01	C:control	aventura	qPfM2laM0pRL4rrZtBGl
1581.00.01	C:control	lógica	m151rjrbWXbBqyq56tly
1585.00.01	A:v3_rerendered	regresso	wxoDdfPKBuna5KnUEotz
1591.00.01	D:short	ai	ny3E2DZImeZm00WLGZi9
1595.00.01	A:user_reported	caça	qPfM2laM0pRL4rrZtBGl
1606.00.01	A:calibration	serra	Rw38T6bn0lTNOb1aUevR
1606.00.02	A:calibration	serra	ny3E2DZImeZm00WLGZi9
1607.00.01	C:control	forno	AaeZyyi87RCxtFnHPS3e
1613.00.01	A:v3_rerendered	temer	m151rjrbWXbBqyq56tly
1617.00.01	C:control	realização	AaeZyyi87RCxtFnHPS3e
1618.00.01	B:risk	disponível	AaeZyyi87RCxtFnHPS3e
1626.00.01	A:v3_rerendered	variar	xNGAXaCH8MaasNuo7Hr7
1647.00.01	A:v3_rerendered	lento	qPfM2laM0pRL4rrZtBGl
1650.00.01	A:v3_rerendered	freguesia	Rw38T6bn0lTNOb1aUevR
1650.00.02	A:v3_rerendered	freguesia	Rw38T6bn0lTNOb1aUevR
1651.00.01	C:control	féria	ny3E2DZImeZm00WLGZi9
1673.00.01	A:calibration	fiel	qPfM2laM0pRL4rrZtBGl
1674.01.01	D:multiword	em seguida	m151rjrbWXbBqyq56tly
1676.00.01	A:v3_rerendered	proceder	Rw38T6bn0lTNOb1aUevR
1682.00.01	A:user_reported	visar	xNGAXaCH8MaasNuo7Hr7
1694.00.01	B:risk	hotel	m151rjrbWXbBqyq56tly
1699.00.02	A:v3_rerendered	romper	xNGAXaCH8MaasNuo7Hr7
1709.00.01	A:user_reported	capa	qPfM2laM0pRL4rrZtBGl
1709.00.02	A:calibration	capa	Rw38T6bn0lTNOb1aUevR
1711.00.01	D:hospital	paciente	qPfM2laM0pRL4rrZtBGl
1730.00.01	C:control	organismo	Rw38T6bn0lTNOb1aUevR
1734.00.01	A:calibration	concerto	Rw38T6bn0lTNOb1aUevR
1738.00.01	A:v3_rerendered	intervir	Rw38T6bn0lTNOb1aUevR
1742.00.01	A:user_reported	placa	m151rjrbWXbBqyq56tly
1742.00.02	A:user_reported	placa	qPfM2laM0pRL4rrZtBGl
1742.00.03	A:calibration	placa	m151rjrbWXbBqyq56tly
1743.00.01	C:control	mandato	xNGAXaCH8MaasNuo7Hr7
1744.00.01	C:control	praticamente	AaeZyyi87RCxtFnHPS3e
1747.00.01	A:v3_rerendered	brilhante	AaeZyyi87RCxtFnHPS3e
1757.00.01	A:v3_rerendered	queimar	AaeZyyi87RCxtFnHPS3e
1764.00.02	B:risk	marcha	Rw38T6bn0lTNOb1aUevR
1765.00.01	B:risk	horário	Rw38T6bn0lTNOb1aUevR
1771.00.01	A:calibration	rato	ny3E2DZImeZm00WLGZi9
1774.00.01	B:risk	constitucional	wxoDdfPKBuna5KnUEotz
1775.00.01	C:control	escala	qPfM2laM0pRL4rrZtBGl
1795.00.01	A:v3_rerendered	forçar	m151rjrbWXbBqyq56tly
1797.00.01	B:risk	álcool	m151rjrbWXbBqyq56tly
1798.00.01	D:hospital	convênio	wxoDdfPKBuna5KnUEotz
1802.00.01	A:v3_rerendered	asa	AaeZyyi87RCxtFnHPS3e
1810.00.01	A:v3_rerendered	nomeadamente	Rw38T6bn0lTNOb1aUevR
1813.00.01	B:risk	internacional	AaeZyyi87RCxtFnHPS3e
1818.00.01	D:short	ah	m151rjrbWXbBqyq56tly
1826.00.01	B:risk	liberal	qPfM2laM0pRL4rrZtBGl
1838.00.01	A:v3_rerendered	percurso	Rw38T6bn0lTNOb1aUevR
1843.00.02	C:control	parceiro	m151rjrbWXbBqyq56tly
1848.00.01	C:control	cópia	wxoDdfPKBuna5KnUEotz
1856.00.01	B:risk	estadual	m151rjrbWXbBqyq56tly
1863.00.01	C:control	confiar	m151rjrbWXbBqyq56tly
1866.00.01	D:hospital	judeu	ny3E2DZImeZm00WLGZi9
1869.00.01	B:risk	sexual	qPfM2laM0pRL4rrZtBGl
1871.00.02	A:v3_rerendered	constar	m151rjrbWXbBqyq56tly
1878.00.01	D:hospital	esposa	qPfM2laM0pRL4rrZtBGl
1893.00.01	C:control	mineiro	Rw38T6bn0lTNOb1aUevR
1907.00.01	B:risk	sensível	Rw38T6bn0lTNOb1aUevR
1908.00.01	A:v3_rerendered	trigo	m151rjrbWXbBqyq56tly
1941.00.01	A:v3_rerendered	paralelo	AaeZyyi87RCxtFnHPS3e
1943.00.01	A:v3_rerendered	redondo	wxoDdfPKBuna5KnUEotz
1946.00.01	C:control	cultivar	m151rjrbWXbBqyq56tly
1956.00.01	C:control	romano	m151rjrbWXbBqyq56tly
1958.00.01	A:v3_rerendered	concelho	m151rjrbWXbBqyq56tly
1967.00.01	A:v3_rerendered	avenida	AaeZyyi87RCxtFnHPS3e
1970.00.01	C:control	sensibilidade	wxoDdfPKBuna5KnUEotz
1971.00.01	C:control	galeria	Rw38T6bn0lTNOb1aUevR
1981.00.01	A:v3_rerendered	pacífico	ny3E2DZImeZm00WLGZi9
1994.00.01	C:control	apurar	AaeZyyi87RCxtFnHPS3e
1998.00.01	C:control	baseado	Rw38T6bn0lTNOb1aUevR
2008.00.01	A:v3_rerendered	alargar	qPfM2laM0pRL4rrZtBGl
2024.00.01	A:v3_rerendered	deserto	AaeZyyi87RCxtFnHPS3e
2024.00.02	A:v3_rerendered	deserto	m151rjrbWXbBqyq56tly
2025.00.03	C:control	reparar	m151rjrbWXbBqyq56tly
2032.00.01	C:control	regular	qPfM2laM0pRL4rrZtBGl
2037.00.01	C:control	centímetro	xNGAXaCH8MaasNuo7Hr7
2040.00.01	C:control	concorrer	AaeZyyi87RCxtFnHPS3e
2042.01.01	D:multiword	em vigor	ny3E2DZImeZm00WLGZi9
2045.00.01	C:control	sugestão	qPfM2laM0pRL4rrZtBGl
2050.00.01	C:control	intervalo	AaeZyyi87RCxtFnHPS3e
2051.00.01	A:v3_rerendered	fundar	m151rjrbWXbBqyq56tly
2054.00.01	C:control	registrar	xNGAXaCH8MaasNuo7Hr7
2058.00.01	C:control	pescoço	Rw38T6bn0lTNOb1aUevR
2060.00.01	C:control	legislação	m151rjrbWXbBqyq56tly
2072.00.01	A:v3_rerendered	animar	m151rjrbWXbBqyq56tly
2074.00.01	C:control	conferir	wxoDdfPKBuna5KnUEotz
2075.00.01	A:calibration	ruim	ny3E2DZImeZm00WLGZi9
2079.00.01	C:control	estabilidade	m151rjrbWXbBqyq56tly
2087.00.01	C:control	tragédia	Rw38T6bn0lTNOb1aUevR
2092.00.01	B:risk	notável	m151rjrbWXbBqyq56tly
2109.00.01	D:short	nu	Rw38T6bn0lTNOb1aUevR
2120.00.02	A:v3_rerendered	pista	Rw38T6bn0lTNOb1aUevR
2120.00.04	A:v3_rerendered	pista	Rw38T6bn0lTNOb1aUevR
2124.00.01	A:calibration	rapariga	wxoDdfPKBuna5KnUEotz
2124.00.02	A:calibration	rapariga	Rw38T6bn0lTNOb1aUevR
2125.00.01	B:risk	indispensável	m151rjrbWXbBqyq56tly
2131.00.01	C:control	jantar	AaeZyyi87RCxtFnHPS3e
2148.00.01	C:control	mancha	xNGAXaCH8MaasNuo7Hr7
2154.00.01	D:hospital	ferido	xNGAXaCH8MaasNuo7Hr7
2157.00.01	A:v3_rerendered	surpreender	qPfM2laM0pRL4rrZtBGl
2158.00.01	D:hospital	auxiliar	m151rjrbWXbBqyq56tly
2163.00.01	B:risk	radical	wxoDdfPKBuna5KnUEotz
2173.00.01	A:user_reported	meta	qPfM2laM0pRL4rrZtBGl
2179.00.01	A:v3_rerendered	bico	m151rjrbWXbBqyq56tly
2181.00.01	B:risk	herança	xNGAXaCH8MaasNuo7Hr7
2186.00.01	A:v3_rerendered	vela	ny3E2DZImeZm00WLGZi9
2188.00.01	D:hospital	especializado	Rw38T6bn0lTNOb1aUevR
2192.00.01	A:v3_rerendered	pólo	m151rjrbWXbBqyq56tly
2193.00.01	C:control	argentino	xNGAXaCH8MaasNuo7Hr7
2203.00.02	A:v3_rerendered	efetivamente	Rw38T6bn0lTNOb1aUevR
2210.00.01	B:risk	ocidental	wxoDdfPKBuna5KnUEotz
2211.00.01	A:v3_rerendered	apertar	AaeZyyi87RCxtFnHPS3e
2215.00.01	A:calibration	habitual	Rw38T6bn0lTNOb1aUevR
2221.00.01	A:v3_rerendered	rigor	AaeZyyi87RCxtFnHPS3e
2224.01.01	D:multiword	em redor	ny3E2DZImeZm00WLGZi9
2228.00.01	B:risk	humor	AaeZyyi87RCxtFnHPS3e
2228.00.02	A:v3_rerendered	humor	Rw38T6bn0lTNOb1aUevR
2241.00.02	C:control	erguer	xNGAXaCH8MaasNuo7Hr7
2247.00.01	A:v3_rerendered	adorar	Rw38T6bn0lTNOb1aUevR
2254.00.02	A:v3_rerendered	cruzado	wxoDdfPKBuna5KnUEotz
2264.00.01	D:short	pó	m151rjrbWXbBqyq56tly
2264.00.02	D:short	pó	Rw38T6bn0lTNOb1aUevR
2265.00.01	C:control	relacionamento	AaeZyyi87RCxtFnHPS3e
2275.00.01	A:v3_rerendered	recuar	wxoDdfPKBuna5KnUEotz
2277.00.01	A:v3_rerendered	requerer	Rw38T6bn0lTNOb1aUevR
2283.00.01	B:risk	global	Rw38T6bn0lTNOb1aUevR
2297.00.01	A:v3_rerendered	rocha	Rw38T6bn0lTNOb1aUevR
2313.00.01	A:v3_rerendered	suspender	wxoDdfPKBuna5KnUEotz
2316.00.01	A:v3_rerendered	rodear	wxoDdfPKBuna5KnUEotz
2341.00.01	B:risk	festival	AaeZyyi87RCxtFnHPS3e
2347.00.01	A:v3_rerendered	cruzar	qPfM2laM0pRL4rrZtBGl
2348.00.01	A:v3_rerendered	designar	wxoDdfPKBuna5KnUEotz
2350.00.01	C:control	neve	qPfM2laM0pRL4rrZtBGl
2370.00.01	C:control	situado	m151rjrbWXbBqyq56tly
2375.00.01	A:v3_rerendered	poético	m151rjrbWXbBqyq56tly
2376.00.01	D:hospital	servidor	Rw38T6bn0lTNOb1aUevR
2376.00.02	C:control	servidor	m151rjrbWXbBqyq56tly
2378.00.01	A:v3_rerendered	almoço	ny3E2DZImeZm00WLGZi9
2379.00.01	D:heterophone	piloto	qPfM2laM0pRL4rrZtBGl
2415.00.01	A:v3_rerendered	depositar	wxoDdfPKBuna5KnUEotz
2417.00.01	C:control	testemunha	qPfM2laM0pRL4rrZtBGl
2422.00.02	B:risk	lateral	qPfM2laM0pRL4rrZtBGl
2436.00.01	A:v3_rerendered	guia	m151rjrbWXbBqyq56tly
2451.00.01	B:risk	habitar	wxoDdfPKBuna5KnUEotz
2457.00.01	B:risk	litoral	Rw38T6bn0lTNOb1aUevR
2460.00.01	A:v3_rerendered	rodar	m151rjrbWXbBqyq56tly
2461.00.01	B:risk	carnaval	qPfM2laM0pRL4rrZtBGl
2464.00.01	A:v3_rerendered	aderir	Rw38T6bn0lTNOb1aUevR
2481.00.01	D:hospital	enfermeiro	m151rjrbWXbBqyq56tly
2490.00.01	B:risk	presidencial	xNGAXaCH8MaasNuo7Hr7
2492.00.01	C:control	escolar	Rw38T6bn0lTNOb1aUevR
2516.00.01	C:control	prestação	m151rjrbWXbBqyq56tly
2521.00.02	C:control	químico	qPfM2laM0pRL4rrZtBGl
2522.00.01	A:calibration	terror	m151rjrbWXbBqyq56tly
2562.00.01	A:v3_rerendered	partilhar	wxoDdfPKBuna5KnUEotz
2570.00.01	A:v3_rerendered	expulsar	m151rjrbWXbBqyq56tly
2573.00.01	C:control	sono	qPfM2laM0pRL4rrZtBGl
2576.00.01	D:heterophone	apelo	m151rjrbWXbBqyq56tly
2588.00.01	D:heterophone	gelo	Rw38T6bn0lTNOb1aUevR
2607.00.01	B:risk	colonial	xNGAXaCH8MaasNuo7Hr7
2608.00.01	B:risk	estrutural	ny3E2DZImeZm00WLGZi9
2615.00.01	B:risk	holandês	Rw38T6bn0lTNOb1aUevR
2626.00.01	A:user_reported	ribeira	wxoDdfPKBuna5KnUEotz
2626.00.02	A:user_reported	ribeira	wxoDdfPKBuna5KnUEotz
2652.00.01	C:control	prefeitura	wxoDdfPKBuna5KnUEotz
2670.00.01	B:risk	horta	Rw38T6bn0lTNOb1aUevR
2702.00.01	A:v3_rerendered	circular	m151rjrbWXbBqyq56tly
2702.00.02	A:v3_rerendered	circular	Rw38T6bn0lTNOb1aUevR
2710.00.01	A:calibration	herdar	m151rjrbWXbBqyq56tly
2712.00.01	A:user_reported	carioca	qPfM2laM0pRL4rrZtBGl
2740.00.01	A:v3_rerendered	pata	Rw38T6bn0lTNOb1aUevR
2747.00.01	A:calibration	chance	wxoDdfPKBuna5KnUEotz
2768.00.01	C:control	morador	AaeZyyi87RCxtFnHPS3e
2778.00.01	A:v3_rerendered	frango	xNGAXaCH8MaasNuo7Hr7
2784.00.01	A:v3_rerendered	judicial	wxoDdfPKBuna5KnUEotz
2797.00.01	A:v3_rerendered	borracha	Rw38T6bn0lTNOb1aUevR
2801.00.01	D:short	ó	AaeZyyi87RCxtFnHPS3e
2813.00.01	D:short	oh	xNGAXaCH8MaasNuo7Hr7
2821.00.01	A:calibration	poço	m151rjrbWXbBqyq56tly
2830.00.01	D:hospital	protocolo	Rw38T6bn0lTNOb1aUevR
2845.00.01	B:risk	convencional	m151rjrbWXbBqyq56tly
2847.00.01	A:calibration	reto	AaeZyyi87RCxtFnHPS3e
2851.00.01	A:calibration	paço	AaeZyyi87RCxtFnHPS3e
2861.00.01	B:risk	habilidade	m151rjrbWXbBqyq56tly
2872.00.01	A:v3_rerendered	lamentar	m151rjrbWXbBqyq56tly
2875.00.01	A:v3_rerendered	necessariamente	wxoDdfPKBuna5KnUEotz
2880.00.01	C:control	titular	ny3E2DZImeZm00WLGZi9
2884.00.01	A:v3_rerendered	articular	wxoDdfPKBuna5KnUEotz
2894.00.01	A:v3_rerendered	vertente	ny3E2DZImeZm00WLGZi9
2899.00.01	A:v3_rerendered	delgado	wxoDdfPKBuna5KnUEotz
2915.00.01	C:control	guitarra	AaeZyyi87RCxtFnHPS3e
2937.00.01	D:short	pá	qPfM2laM0pRL4rrZtBGl
2938.00.02	A:v3_rerendered	abater	Rw38T6bn0lTNOb1aUevR
2973.00.01	A:calibration	touro	m151rjrbWXbBqyq56tly
2980.00.01	B:risk	vital	qPfM2laM0pRL4rrZtBGl
2984.00.01	D:heterophone	posto	Rw38T6bn0lTNOb1aUevR
2989.00.01	A:v3_rerendered	planície	Rw38T6bn0lTNOb1aUevR
2994.00.01	A:calibration	seda	Rw38T6bn0lTNOb1aUevR
3009.00.01	A:calibration	proveniente	qPfM2laM0pRL4rrZtBGl
3013.00.01	A:calibration	jazz	m151rjrbWXbBqyq56tly
3018.00.01	B:risk	catedral	Rw38T6bn0lTNOb1aUevR
3019.00.01	B:risk	estável	m151rjrbWXbBqyq56tly
3023.00.01	B:risk	estatal	qPfM2laM0pRL4rrZtBGl
3025.00.01	A:v3_rerendered	assinalar	m151rjrbWXbBqyq56tly
3031.00.01	A:calibration	maré	m151rjrbWXbBqyq56tly
3035.00.01	D:hospital	leito	m151rjrbWXbBqyq56tly
3042.00.01	C:control	asiático	xNGAXaCH8MaasNuo7Hr7
3048.00.01	D:hospital	proibido	Rw38T6bn0lTNOb1aUevR
3063.00.01	A:v3_rerendered	gravura	m151rjrbWXbBqyq56tly
3064.00.02	C:control	trabalhista	xNGAXaCH8MaasNuo7Hr7
3072.00.01	C:control	vaso	m151rjrbWXbBqyq56tly
3087.00.01	D:short	sé	AaeZyyi87RCxtFnHPS3e
3087.00.02	D:short	sé	xNGAXaCH8MaasNuo7Hr7
3094.00.01	B:risk	incrível	m151rjrbWXbBqyq56tly
3098.00.01	A:user_reported	dose	qPfM2laM0pRL4rrZtBGl
3114.00.01	C:control	escasso	xNGAXaCH8MaasNuo7Hr7
3116.00.01	C:control	expandir	qPfM2laM0pRL4rrZtBGl
3125.00.01	A:v3_rerendered	lã	AaeZyyi87RCxtFnHPS3e
3148.00.01	D:hospital	ala	ny3E2DZImeZm00WLGZi9
3148.00.02	A:v3_rerendered	ala	ny3E2DZImeZm00WLGZi9
3154.00.01	D:hospital	permanência	m151rjrbWXbBqyq56tly
3171.00.01	A:v3_rerendered	posterior	m151rjrbWXbBqyq56tly
3188.00.01	D:heterophone	bolo	AaeZyyi87RCxtFnHPS3e
3200.00.01	A:v3_rerendered	abstrato	Rw38T6bn0lTNOb1aUevR
3203.00.01	A:user_reported	referente	qPfM2laM0pRL4rrZtBGl
3240.00.01	D:heterophone	selo	Rw38T6bn0lTNOb1aUevR
3263.00.01	A:v3_rerendered	ocultar	m151rjrbWXbBqyq56tly
3266.00.01	A:calibration	tropical	m151rjrbWXbBqyq56tly
3280.00.01	A:v3_rerendered	marginal	m151rjrbWXbBqyq56tly
3306.00.01	A:v3_rerendered	antena	Rw38T6bn0lTNOb1aUevR
3311.00.01	B:risk	mel	m151rjrbWXbBqyq56tly
3322.00.01	A:calibration	tubo	ny3E2DZImeZm00WLGZi9
3334.00.01	B:risk	temporal	AaeZyyi87RCxtFnHPS3e
3348.00.01	A:v3_rerendered	cardeal	Rw38T6bn0lTNOb1aUevR
3349.00.01	A:v3_rerendered	rival	m151rjrbWXbBqyq56tly
3358.00.01	C:control	deparar	xNGAXaCH8MaasNuo7Hr7
3359.00.01	A:v3_rerendered	gênio	Rw38T6bn0lTNOb1aUevR
3365.00.01	A:v3_rerendered	fachada	m151rjrbWXbBqyq56tly
3381.00.02	A:v3_rerendered	fado	wxoDdfPKBuna5KnUEotz
3383.00.01	A:calibration	ilegal	ny3E2DZImeZm00WLGZi9
3404.00.01	C:control	contestar	m151rjrbWXbBqyq56tly
3413.00.01	A:v3_rerendered	revisor	Rw38T6bn0lTNOb1aUevR
3420.00.01	A:v3_rerendered	torcer	m151rjrbWXbBqyq56tly
3426.00.01	A:calibration	elogio	qPfM2laM0pRL4rrZtBGl
3427.00.01	A:v3_rerendered	bárbaro	wxoDdfPKBuna5KnUEotz
3437.00.03	C:control	precipitar	xNGAXaCH8MaasNuo7Hr7
3442.00.01	C:control	adolescência	AaeZyyi87RCxtFnHPS3e
3449.00.01	B:risk	insuportável	m151rjrbWXbBqyq56tly
3453.00.01	A:v3_rerendered	concorrente	ny3E2DZImeZm00WLGZi9
3457.00.01	A:calibration	remeter	Rw38T6bn0lTNOb1aUevR
3461.00.01	B:risk	experimental	Rw38T6bn0lTNOb1aUevR
3466.00.01	A:v3_rerendered	pretexto	Rw38T6bn0lTNOb1aUevR
3469.00.01	A:v3_rerendered	proclamar	wxoDdfPKBuna5KnUEotz
3476.00.01	A:v3_rerendered	tabaco	wxoDdfPKBuna5KnUEotz
3482.00.01	B:risk	medieval	qPfM2laM0pRL4rrZtBGl
3502.00.01	A:v3_rerendered	genético	qPfM2laM0pRL4rrZtBGl
3511.00.01	B:risk	painel	Rw38T6bn0lTNOb1aUevR
3517.00.01	D:hospital	pulso	qPfM2laM0pRL4rrZtBGl
3524.00.01	D:hospital	máscara	Rw38T6bn0lTNOb1aUevR
3536.00.01	A:calibration	elite	Rw38T6bn0lTNOb1aUevR
3543.00.01	A:v3_rerendered	copiar	m151rjrbWXbBqyq56tly
3564.00.01	C:control	óculos	m151rjrbWXbBqyq56tly
3591.00.01	A:v3_rerendered	injustiça	qPfM2laM0pRL4rrZtBGl
3592.00.01	B:risk	institucional	Rw38T6bn0lTNOb1aUevR
3594.00.01	D:heterophone	molho	qPfM2laM0pRL4rrZtBGl
3597.00.01	A:user_reported	turno	Rw38T6bn0lTNOb1aUevR
3597.00.02	A:calibration	turno	m151rjrbWXbBqyq56tly
3599.00.01	A:user_reported	descida	Rw38T6bn0lTNOb1aUevR
3609.00.01	C:control	picar	m151rjrbWXbBqyq56tly
3611.00.01	A:calibration	sindical	wxoDdfPKBuna5KnUEotz
3615.00.01	D:heterophone	socorro	m151rjrbWXbBqyq56tly
3631.00.01	A:v3_rerendered	inspetor	Rw38T6bn0lTNOb1aUevR
3640.00.01	B:risk	habituado	Rw38T6bn0lTNOb1aUevR
3646.00.01	C:control	vegetação	AaeZyyi87RCxtFnHPS3e
3655.00.01	A:v3_rerendered	rezar	Rw38T6bn0lTNOb1aUevR
3659.00.01	A:calibration	sino	AaeZyyi87RCxtFnHPS3e
3662.00.02	C:control	saldo	m151rjrbWXbBqyq56tly
3664.00.01	A:calibration	malha	qPfM2laM0pRL4rrZtBGl
3664.00.02	A:calibration	malha	ny3E2DZImeZm00WLGZi9
3664.00.03	A:calibration	malha	m151rjrbWXbBqyq56tly
3672.00.01	C:control	inspeção	xNGAXaCH8MaasNuo7Hr7
3683.00.01	B:risk	desagradável	qPfM2laM0pRL4rrZtBGl
3689.00.01	C:control	uva	xNGAXaCH8MaasNuo7Hr7
3694.00.01	A:v3_rerendered	penal	ny3E2DZImeZm00WLGZi9
3698.00.01	A:v3_rerendered	soberania	m151rjrbWXbBqyq56tly
3702.00.01	C:control	árbitro	m151rjrbWXbBqyq56tly
3704.00.01	A:calibration	fatal	qPfM2laM0pRL4rrZtBGl
3705.00.01	A:v3_rerendered	desesperado	wxoDdfPKBuna5KnUEotz
3707.00.01	B:risk	imperial	m151rjrbWXbBqyq56tly
3712.00.01	A:v3_rerendered	fingir	qPfM2laM0pRL4rrZtBGl
3717.00.01	B:risk	pop	wxoDdfPKBuna5KnUEotz
3728.00.01	A:calibration	aranha	Rw38T6bn0lTNOb1aUevR
3732.00.01	A:calibration	aquando	xNGAXaCH8MaasNuo7Hr7
3742.00.01	A:calibration	reger	wxoDdfPKBuna5KnUEotz
3742.00.02	A:calibration	reger	Rw38T6bn0lTNOb1aUevR
3742.00.03	A:calibration	reger	m151rjrbWXbBqyq56tly
3745.00.01	C:control	clareza	qPfM2laM0pRL4rrZtBGl
3749.00.01	A:v3_rerendered	cunhado	wxoDdfPKBuna5KnUEotz
3755.00.01	D:ep_spelling	ingênuo	AaeZyyi87RCxtFnHPS3e
3770.00.01	D:heterophone	seca	Rw38T6bn0lTNOb1aUevR
3779.00.01	A:v3_rerendered	vingar	Rw38T6bn0lTNOb1aUevR
3781.00.01	B:risk	quintal	ny3E2DZImeZm00WLGZi9
3787.00.01	C:control	instinto	m151rjrbWXbBqyq56tly
3798.00.01	C:control	misterioso	Rw38T6bn0lTNOb1aUevR
3803.00.01	A:v3_rerendered	apetecer	AaeZyyi87RCxtFnHPS3e
3808.00.01	A:v3_rerendered	honesto	wxoDdfPKBuna5KnUEotz
3810.00.01	A:v3_rerendered	ultimamente	ny3E2DZImeZm00WLGZi9
3814.00.01	A:calibration	verbal	m151rjrbWXbBqyq56tly
3820.00.01	B:risk	operacional	Rw38T6bn0lTNOb1aUevR
3821.00.01	A:calibration	manteiga	xNGAXaCH8MaasNuo7Hr7
3833.00.01	A:v3_rerendered	cruel	wxoDdfPKBuna5KnUEotz
3834.00.01	A:v3_rerendered	rondar	AaeZyyi87RCxtFnHPS3e
3842.00.01	A:v3_rerendered	camisola	Rw38T6bn0lTNOb1aUevR
3842.00.02	A:v3_rerendered	camisola	Rw38T6bn0lTNOb1aUevR
3848.00.01	A:v3_rerendered	ascender	ny3E2DZImeZm00WLGZi9
3864.00.01	B:risk	virtual	wxoDdfPKBuna5KnUEotz
3877.00.01	A:calibration	cela	m151rjrbWXbBqyq56tly
3879.00.01	A:user_reported	sanção	m151rjrbWXbBqyq56tly
3883.00.01	A:v3_rerendered	ponderar	Rw38T6bn0lTNOb1aUevR
3887.00.01	D:ep_spelling	polêmica	ny3E2DZImeZm00WLGZi9
3890.00.01	C:control	secretário-geral	m151rjrbWXbBqyq56tly
3897.00.01	A:user_reported	salarial	qPfM2laM0pRL4rrZtBGl
3898.00.01	C:control	adjunto	Rw38T6bn0lTNOb1aUevR
3899.00.01	D:hospital	caridade	qPfM2laM0pRL4rrZtBGl
3906.00.01	A:v3_rerendered	trezentos	AaeZyyi87RCxtFnHPS3e
3908.00.01	A:v3_rerendered	alastrar	m151rjrbWXbBqyq56tly
3911.00.01	A:calibration	cova	m151rjrbWXbBqyq56tly
3911.00.02	A:calibration	cova	Rw38T6bn0lTNOb1aUevR
3911.00.03	A:calibration	cova	Rw38T6bn0lTNOb1aUevR
3931.00.01	A:calibration	adeus	qPfM2laM0pRL4rrZtBGl
3941.00.01	B:risk	mineral	m151rjrbWXbBqyq56tly
3946.00.02	C:control	coral	Rw38T6bn0lTNOb1aUevR
3954.00.01	A:user_reported	eh	ny3E2DZImeZm00WLGZi9
3976.00.01	A:confirmed_bad	tijolo	Rw38T6bn0lTNOb1aUevR
3985.00.01	A:v3_rerendered	pisar	Rw38T6bn0lTNOb1aUevR
4032.00.01	A:user_reported	cesta	xNGAXaCH8MaasNuo7Hr7
4032.00.02	A:user_reported	cesta	Rw38T6bn0lTNOb1aUevR
4032.00.03	A:user_reported	cesta	m151rjrbWXbBqyq56tly
4033.00.01	A:v3_rerendered	genro	m151rjrbWXbBqyq56tly
4034.00.01	A:calibration	macio	AaeZyyi87RCxtFnHPS3e
4043.00.01	A:v3_rerendered	tenente	Rw38T6bn0lTNOb1aUevR
4045.00.01	C:control	solidário	Rw38T6bn0lTNOb1aUevR
4052.00.01	D:ep_spelling	cômodo	m151rjrbWXbBqyq56tly
4052.00.02	D:ep_spelling	cômodo	Rw38T6bn0lTNOb1aUevR
4055.00.01	A:v3_rerendered	aliar	Rw38T6bn0lTNOb1aUevR
4064.00.01	A:calibration	variante	qPfM2laM0pRL4rrZtBGl
4089.00.01	A:user_reported	hospitalar	Rw38T6bn0lTNOb1aUevR
4125.00.01	A:user_reported	batizar	qPfM2laM0pRL4rrZtBGl
4131.00.01	D:hospital	temporário	m151rjrbWXbBqyq56tly
4132.00.01	C:control	restauração	Rw38T6bn0lTNOb1aUevR
4135.00.01	B:risk	territorial	m151rjrbWXbBqyq56tly
4154.00.01	D:heterophone	acerto	Rw38T6bn0lTNOb1aUevR
4154.00.02	D:heterophone	acerto	Rw38T6bn0lTNOb1aUevR
4170.00.01	D:hospital	consórcio	Rw38T6bn0lTNOb1aUevR
4178.00.01	A:user_reported	assente	qPfM2laM0pRL4rrZtBGl
4197.00.01	A:user_reported	baía	Rw38T6bn0lTNOb1aUevR
4201.00.02	C:control	pauta	wxoDdfPKBuna5KnUEotz
4220.00.01	B:risk	flexível	xNGAXaCH8MaasNuo7Hr7
4227.00.01	A:calibration	doer	xNGAXaCH8MaasNuo7Hr7
4234.00.01	A:calibration	grade	ny3E2DZImeZm00WLGZi9
4234.00.02	A:calibration	grade	ny3E2DZImeZm00WLGZi9
4267.00.01	A:calibration	judaico	m151rjrbWXbBqyq56tly
4313.00.01	C:control	restabelecer	qPfM2laM0pRL4rrZtBGl
4332.00.01	A:calibration	enterro	m151rjrbWXbBqyq56tly
4380.00.01	A:user_reported	casto	Rw38T6bn0lTNOb1aUevR
4381.00.01	A:calibration	cera	Rw38T6bn0lTNOb1aUevR
4386.00.01	D:heterophone	choro	xNGAXaCH8MaasNuo7Hr7
4389.00.01	A:calibration	marketing	Rw38T6bn0lTNOb1aUevR
4404.00.01	D:heterophone	rolo	m151rjrbWXbBqyq56tly
4411.00.02	C:control	feixe	Rw38T6bn0lTNOb1aUevR
4424.00.01	A:calibration	mouro	Rw38T6bn0lTNOb1aUevR
4434.00.01	C:control	contribuinte	wxoDdfPKBuna5KnUEotz
4440.00.01	C:control	analista	qPfM2laM0pRL4rrZtBGl
4448.00.01	D:short	nó	Rw38T6bn0lTNOb1aUevR
4478.00.01	C:control	sufocar	Rw38T6bn0lTNOb1aUevR
4479.00.01	B:risk	helicóptero	m151rjrbWXbBqyq56tly
4491.00.01	A:calibration	revólver	qPfM2laM0pRL4rrZtBGl
4493.00.01	D:heterophone	fecho	qPfM2laM0pRL4rrZtBGl
4498.00.01	B:risk	adicional	ny3E2DZImeZm00WLGZi9
4501.00.01	A:calibration	suor	qPfM2laM0pRL4rrZtBGl
4507.00.01	A:calibration	hino	qPfM2laM0pRL4rrZtBGl
4531.00.01	C:control	protestante	qPfM2laM0pRL4rrZtBGl
4549.00.01	C:control	desconto	m151rjrbWXbBqyq56tly
4563.00.01	B:risk	editorial	m151rjrbWXbBqyq56tly
4564.00.01	C:control	resgate	m151rjrbWXbBqyq56tly
4565.00.01	C:control	mercê	m151rjrbWXbBqyq56tly
4595.00.01	C:control	curiosamente	m151rjrbWXbBqyq56tly
4613.00.01	B:risk	hostil	wxoDdfPKBuna5KnUEotz
4622.00.01	D:hospital	internado	Rw38T6bn0lTNOb1aUevR
4625.00.01	A:calibration	trajeto	wxoDdfPKBuna5KnUEotz
4625.00.02	A:calibration	trajeto	wxoDdfPKBuna5KnUEotz
4630.00.01	B:risk	multinacional	qPfM2laM0pRL4rrZtBGl
4631.00.01	B:risk	homenagear	m151rjrbWXbBqyq56tly
4633.00.01	A:calibration	ceia	qPfM2laM0pRL4rrZtBGl
4635.00.01	C:control	nordestino	AaeZyyi87RCxtFnHPS3e
4636.00.02	C:control	apelido	qPfM2laM0pRL4rrZtBGl
4642.00.01	B:risk	homicídio	Rw38T6bn0lTNOb1aUevR
4645.00.01	B:risk	heróico	AaeZyyi87RCxtFnHPS3e
4654.00.01	C:control	cantiga	Rw38T6bn0lTNOb1aUevR
4660.00.01	B:risk	nominal	wxoDdfPKBuna5KnUEotz
4676.00.01	A:calibration	postal	m151rjrbWXbBqyq56tly
4691.00.01	A:calibration	vulto	Rw38T6bn0lTNOb1aUevR
4691.00.02	A:calibration	vulto	m151rjrbWXbBqyq56tly
4702.00.01	C:control	indignação	m151rjrbWXbBqyq56tly
4709.00.02	B:risk	arraial	AaeZyyi87RCxtFnHPS3e
4725.00.01	B:risk	educacional	Rw38T6bn0lTNOb1aUevR
4743.00.01	A:calibration	vice	m151rjrbWXbBqyq56tly
4757.00.01	A:user_reported	crente	qPfM2laM0pRL4rrZtBGl
4771.00.01	B:risk	honrar	xNGAXaCH8MaasNuo7Hr7
4772.00.01	A:user_reported	susceptível	m151rjrbWXbBqyq56tly
4773.00.01	B:risk	cereal	m151rjrbWXbBqyq56tly
4784.00.01	B:risk	substancial	m151rjrbWXbBqyq56tly
4815.00.01	C:control	armamento	qPfM2laM0pRL4rrZtBGl
4817.00.01	B:risk	confortável	m151rjrbWXbBqyq56tly
4832.00.01	A:user_reported	cavalheiro	qPfM2laM0pRL4rrZtBGl
4836.00.01	C:control	queimado	m151rjrbWXbBqyq56tly
4838.00.01	B:risk	viável	Rw38T6bn0lTNOb1aUevR
4839.00.01	C:control	afetivo	Rw38T6bn0lTNOb1aUevR
4849.00.01	C:control	findar	m151rjrbWXbBqyq56tly
4854.00.01	A:calibration	rito	ny3E2DZImeZm00WLGZi9
4860.00.01	B:risk	site	Rw38T6bn0lTNOb1aUevR
4863.00.01	A:calibration	decerto	m151rjrbWXbBqyq56tly
4888.00.02	C:control	mola	ny3E2DZImeZm00WLGZi9
4895.00.01	A:confirmed_bad	apreender	Rw38T6bn0lTNOb1aUevR
4895.00.02	A:calibration	apreender	qPfM2laM0pRL4rrZtBGl
4910.00.01	A:calibration	roer	qPfM2laM0pRL4rrZtBGl
4912.00.01	D:hospital	edificação	m151rjrbWXbBqyq56tly
4915.00.01	B:risk	fóssil	Rw38T6bn0lTNOb1aUevR
4924.00.02	D:hospital	colete	qPfM2laM0pRL4rrZtBGl
4929.00.02	C:control	divisa	Rw38T6bn0lTNOb1aUevR
4941.00.02	C:control	expediente	Rw38T6bn0lTNOb1aUevR
4948.00.01	A:user_reported	candeeiro	Rw38T6bn0lTNOb1aUevR
4950.00.01	A:calibration	cimo	AaeZyyi87RCxtFnHPS3e
4965.00.02	B:risk	edital	m151rjrbWXbBqyq56tly
4981.00.01	A:calibration	feitio	qPfM2laM0pRL4rrZtBGl
4981.00.02	A:calibration	feitio	Rw38T6bn0lTNOb1aUevR
