row	sense_id	label	verdict	notes
1	0867.00.01	A	good	
1	0867.00.01	B	good	
1	0867.00.01	C	good	
2	4381.00.01	A	good	
2	4381.00.01	B	good	
2	4381.00.01	C	good	
3	1606.00.01	A	good	
3	1606.00.01	B	good	
3	1606.00.01	C	good	
4	4380.00.01	A	good	
4	4380.00.01	B	good	
4	4380.00.01	C	good	
5	2712.00.01	A	unsure	
5	2712.00.01	B	good	
5	2712.00.01	C	good	
6	3879.00.01	A	unsure	
6	3879.00.01	B	unsure	
6	3879.00.01	C	good	
7	3704.00.01	A	good	
7	3704.00.01	B	good	
7	3704.00.01	C	good	
8	4424.00.01	A	good	
8	4424.00.01	B	good	
8	4424.00.01	C	good	
9	3426.00.01	A	good	
9	3426.00.01	B	good	
9	3426.00.01	C	good	
10	4743.00.01	A	good	
10	4743.00.01	B	good	
10	4743.00.01	C	good	
11	1709.00.01	A	good	
11	1709.00.01	B	good	
11	1709.00.01	C	good	
12	3031.00.01	A	good	
12	3031.00.01	B	good	
12	3031.00.01	C	good	
13	1483.00.01	A	good	
13	1483.00.01	B	good	
13	1483.00.01	C	good	
14	4691.00.01	A	good	
14	4691.00.01	B	good	
14	4691.00.01	C	good	
15	3911.00.01	A	good	
15	3911.00.01	B	good	
15	3911.00.01	C	good	
16	3611.00.01	A	good	
16	3611.00.01	B	good	
16	3611.00.01	C	good	
17	3098.00.01	A	good	
17	3098.00.01	B	good	
17	3098.00.01	C	good	
18	4633.00.01	A	good	
18	4633.00.01	B	good	
18	4633.00.01	C	good	
19	4501.00.01	A	good	
19	4501.00.01	B	good	
19	4501.00.01	C	good	
20	3597.00.01	A	unsure	
20	3597.00.01	B	good	
20	3597.00.01	C	good	
21	0662.00.01	A	unsure	
21	0662.00.01	B	good	
21	0662.00.01	C	good	
22	4895.00.01	A	unsure	
22	4895.00.01	B	good	
22	4895.00.01	C	good	
23	4032.00.01	A	good	
23	4032.00.01	B	good	
23	4032.00.01	C	good	
24	0858.00.01	A	good	
24	0858.00.01	B	good	
24	0858.00.01	C	good	
25	4089.00.01	A	good	
25	4089.00.01	B	good	
25	4089.00.01	C	good	
26	1473.00.01	A	good	
26	1473.00.01	B	good	
26	1473.00.01	C	good	
27	0937.00.01	A	good	
27	0937.00.01	B	good	
27	0937.00.01	C	good	
28	4491.00.01	A	good	
28	4491.00.01	B	good	
28	4491.00.01	C	good	
29	2851.00.01	A	good	
29	2851.00.01	B	good	
29	2851.00.01	C	good	
30	2710.00.01	A	bad	
30	2710.00.01	B	good	
30	2710.00.01	C	good	
